duration,credit_amount,monthly_payment,age,installment_rate,residence_since,existing_credits,num_dependents,financial_stability,employment_points,overall_stability,purpose_points,credit_history,personal_status,other_parties,property,other_payment_plans,housing,job,telephone,foreign_worker,class
6,1169,194.83333333333334,67,4,4,2,1,2,2,4,2,A34,A93,A101,A121,A143,A152,A173,A192,A201,1
48,5951,123.97916666666667,22,2,2,1,1,1,1,2,2,A32,A92,A101,A121,A143,A152,A173,A191,A201,2
12,2096,174.66666666666666,49,2,3,1,2,3,2,5,0,A34,A93,A101,A121,A143,A152,A172,A191,A201,1
42,7882,187.66666666666666,45,2,4,1,2,0,2,2,1,A32,A93,A103,A122,A143,A153,A173,A191,A201,1
24,4870,202.91666666666666,53,3,4,2,2,0,1,1,0,A33,A93,A101,A124,A143,A153,A173,A191,A201,2
36,9055,251.52777777777777,35,2,4,1,2,5,1,6,0,A32,A93,A101,A124,A143,A153,A172,A192,A201,1
24,2835,118.125,53,3,4,1,1,5,2,7,1,A32,A93,A101,A122,A143,A152,A173,A191,A201,1
36,6948,193.0,35,2,2,1,1,1,1,2,2,A32,A93,A101,A123,A143,A151,A174,A192,A201,1
12,3059,254.91666666666666,61,2,4,1,1,6,2,8,2,A32,A91,A101,A121,A143,A152,A172,A191,A201,1
30,5234,174.46666666666667,28,4,2,2,1,1,0,1,0,A34,A94,A101,A123,A143,A152,A174,A191,A201,2
12,1295,107.91666666666667,25,3,1,1,1,1,0,1,0,A32,A92,A101,A123,A143,A151,A173,A191,A201,2
48,4308,89.75,24,3,4,1,1,0,0,0,1,A32,A92,A101,A122,A143,A151,A173,A191,A201,2
12,1567,130.58333333333334,22,1,1,1,1,1,1,2,2,A32,A92,A101,A123,A143,A152,A173,A192,A201,1
24,1199,49.958333333333336,60,4,4,2,1,0,2,2,0,A34,A93,A101,A123,A143,A152,A172,A191,A201,2
15,1403,93.53333333333333,28,2,4,1,1,0,1,1,0,A32,A92,A101,A123,A143,A151,A173,A191,A201,1
24,1282,53.416666666666664,32,4,2,1,1,1,1,2,2,A32,A92,A101,A123,A143,A152,A172,A191,A201,2
24,2424,101.0,53,4,4,2,1,5,2,7,2,A34,A93,A101,A122,A143,A152,A173,A191,A201,1
30,8072,269.06666666666666,25,2,3,3,1,2,0,2,1,A30,A93,A101,A123,A141,A152,A173,A191,A201,1
24,12579,524.125,44,4,2,1,1,1,2,3,2,A32,A92,A101,A124,A143,A153,A174,A192,A201,2
24,3430,142.91666666666666,31,3,2,1,2,5,2,7,2,A32,A93,A101,A123,A143,A152,A173,A192,A201,1
9,2134,237.11111111111111,48,4,4,3,1,3,1,4,0,A34,A93,A101,A123,A143,A152,A173,A192,A201,1
6,2647,441.1666666666667,44,2,3,1,2,2,1,3,2,A32,A93,A101,A121,A143,A151,A173,A191,A201,1
10,2241,224.1,48,1,3,2,2,0,0,0,0,A34,A93,A101,A121,A143,A151,A172,A191,A202,1
12,1804,150.33333333333334,44,3,4,1,1,2,0,2,2,A34,A93,A101,A122,A143,A152,A173,A191,A201,1
10,2069,206.9,26,2,1,2,1,5,1,6,1,A34,A94,A101,A123,A143,A152,A173,A191,A202,1
6,1374,229.0,36,1,2,1,1,0,1,1,1,A32,A93,A101,A121,A141,A152,A172,A192,A201,1
6,426,71.0,39,4,4,1,1,3,2,5,2,A30,A94,A101,A123,A143,A152,A172,A191,A201,1
12,409,34.083333333333336,42,3,3,2,1,5,1,6,2,A31,A92,A101,A121,A143,A151,A173,A191,A201,1
7,2415,345.0,34,3,2,1,1,1,1,2,2,A32,A93,A103,A121,A143,A152,A173,A191,A201,1
60,6836,113.93333333333334,63,3,4,2,1,0,2,2,1,A33,A93,A101,A124,A143,A152,A173,A192,A201,2
18,1913,106.27777777777777,36,3,3,1,1,4,0,4,1,A32,A94,A101,A121,A141,A152,A173,A192,A201,1
24,4020,167.5,27,2,2,1,1,0,1,1,1,A32,A93,A101,A123,A142,A152,A173,A191,A201,1
18,5866,325.8888888888889,30,2,2,2,1,2,1,3,0,A32,A93,A101,A123,A143,A152,A173,A192,A201,1
12,1264,105.33333333333333,57,4,4,1,1,5,2,7,1,A34,A93,A101,A124,A143,A151,A172,A191,A201,1
12,1474,122.83333333333333,33,4,1,1,1,2,0,2,1,A32,A92,A101,A122,A141,A152,A174,A192,A201,1
45,4746,105.46666666666667,25,4,2,2,1,1,0,1,2,A34,A93,A101,A122,A143,A152,A172,A191,A201,2
48,6110,127.29166666666667,31,1,3,1,1,3,1,4,0,A34,A93,A101,A124,A141,A153,A173,A192,A201,1
18,2100,116.66666666666667,37,4,2,1,1,2,1,3,2,A32,A93,A102,A121,A142,A152,A173,A191,A201,2
10,1225,122.5,37,2,2,1,1,2,1,3,1,A32,A93,A101,A123,A143,A152,A173,A192,A201,1
9,458,50.888888888888886,24,4,3,1,1,1,1,2,2,A32,A93,A101,A121,A143,A152,A173,A191,A201,1
30,2333,77.76666666666667,30,4,2,1,1,5,2,7,2,A32,A93,A101,A123,A141,A152,A174,A191,A201,1
12,1158,96.5,26,3,1,1,1,3,1,4,2,A32,A91,A101,A123,A143,A152,A173,A192,A201,1
18,6204,344.6666666666667,44,2,4,1,2,1,1,2,1,A33,A93,A101,A121,A143,A152,A172,A192,A201,1
30,6187,206.23333333333332,24,1,4,2,1,1,2,3,2,A34,A94,A101,A123,A143,A151,A173,A191,A201,1
48,6143,127.97916666666667,58,4,4,2,1,0,2,2,2,A34,A92,A101,A124,A142,A153,A172,A191,A201,2
11,1393,126.63636363636364,35,4,4,2,1,3,0,3,0,A34,A92,A101,A123,A143,A152,A174,A191,A201,1
36,2299,63.861111111111114,39,4,4,1,1,5,2,7,2,A32,A93,A101,A123,A143,A152,A173,A191,A201,1
6,1352,225.33333333333334,23,1,2,1,1,2,0,2,2,A32,A92,A101,A122,A143,A151,A171,A192,A201,1
11,7228,657.0909090909091,39,1,4,2,1,3,1,4,0,A34,A93,A101,A122,A143,A152,A172,A191,A201,1
12,2073,172.75,28,4,2,1,1,4,1,5,2,A32,A92,A102,A121,A143,A152,A173,A191,A201,1
24,2333,97.20833333333333,29,4,2,1,1,3,0,3,1,A33,A93,A101,A122,A141,A152,A172,A191,A201,1
27,5965,220.92592592592592,30,1,2,2,1,1,2,3,2,A33,A93,A101,A123,A143,A152,A174,A192,A201,1
12,1262,105.16666666666667,25,3,2,1,1,3,1,4,2,A32,A93,A101,A123,A143,A152,A173,A191,A201,1
18,3378,187.66666666666666,31,2,1,1,1,5,1,6,2,A32,A93,A101,A122,A143,A152,A173,A192,A201,1
36,2225,61.80555555555556,57,4,4,2,1,1,2,3,0,A33,A93,A101,A124,A141,A153,A173,A192,A201,2
6,783,130.5,26,1,2,1,2,5,1,6,0,A31,A93,A103,A121,A142,A152,A172,A191,A201,1
12,6468,539.0,52,2,1,1,1,3,0,3,2,A32,A93,A101,A124,A143,A152,A174,A192,A201,2
36,9566,265.72222222222223,31,2,2,2,1,3,1,4,2,A34,A92,A101,A123,A142,A152,A173,A191,A201,1
18,1961,108.94444444444444,23,3,2,1,1,2,2,4,0,A32,A92,A101,A123,A143,A152,A174,A191,A201,1
36,6229,173.02777777777777,23,4,4,2,1,0,0,0,1,A34,A92,A102,A124,A143,A151,A172,A192,A201,2
9,1391,154.55555555555554,27,2,1,1,1,1,1,2,1,A32,A94,A101,A121,A141,A152,A173,A192,A201,1
15,1537,102.46666666666667,50,4,4,2,1,3,2,5,2,A34,A93,A103,A121,A143,A152,A173,A192,A201,1
36,1953,54.25,61,4,4,1,1,1,2,3,1,A30,A93,A101,A124,A143,A153,A174,A192,A201,2
48,14421,300.4375,25,2,2,1,1,1,1,2,1,A30,A93,A101,A123,A143,A152,A173,A192,A201,2
24,3181,132.54166666666666,26,4,4,1,1,3,0,3,2,A32,A92,A101,A122,A143,A152,A173,A192,A201,1
27,5190,192.22222222222223,48,4,4,4,2,5,2,7,1,A32,A93,A101,A122,A143,A152,A173,A192,A201,1
12,2171,180.91666666666666,29,2,2,1,1,3,0,3,2,A32,A92,A101,A123,A141,A152,A173,A191,A201,1
12,1007,83.91666666666667,22,4,1,1,1,4,1,5,0,A32,A94,A101,A121,A143,A152,A173,A191,A201,1
36,1819,50.52777777777778,37,4,4,1,1,3,1,4,0,A32,A93,A101,A124,A142,A153,A173,A192,A201,2
36,2394,66.5,25,4,4,1,1,5,1,6,2,A32,A92,A101,A123,A143,A152,A173,A191,A201,1
36,8133,225.91666666666666,30,1,2,1,1,3,1,4,2,A32,A92,A101,A122,A141,A152,A173,A191,A201,1
7,730,104.28571428571429,46,4,2,2,1,5,2,7,2,A34,A93,A101,A122,A143,A151,A172,A192,A201,1
8,1164,145.5,51,3,4,2,2,0,2,2,0,A34,A93,A101,A124,A141,A153,A174,A192,A201,1
42,5954,141.76190476190476,41,2,1,2,1,1,2,3,1,A34,A92,A101,A121,A141,A152,A172,A191,A201,1
36,1977,54.916666666666664,40,4,4,1,1,2,2,4,0,A32,A93,A101,A124,A143,A152,A174,A192,A201,2
12,1526,127.16666666666667,66,4,4,2,1,0,2,2,2,A34,A93,A101,A124,A143,A153,A174,A191,A201,1
42,3965,94.4047619047619,34,4,3,1,1,0,0,0,2,A32,A93,A101,A123,A143,A152,A173,A191,A201,2
11,4771,433.72727272727275,51,2,4,1,1,1,2,3,2,A33,A93,A101,A122,A143,A152,A173,A191,A201,1
54,9436,174.74074074074073,39,2,2,1,2,5,1,6,2,A30,A93,A101,A122,A143,A152,A172,A191,A201,1
30,3832,127.73333333333333,22,2,1,1,1,1,0,1,1,A32,A94,A101,A122,A143,A152,A173,A191,A201,1
24,5943,247.625,44,1,1,2,1,5,0,5,2,A32,A92,A101,A123,A143,A152,A173,A192,A201,2
15,1213,80.86666666666666,47,4,3,1,1,5,2,7,2,A32,A93,A101,A122,A142,A152,A173,A192,A201,1
18,1568,87.11111111111111,24,3,4,1,1,4,1,5,1,A32,A92,A101,A122,A143,A151,A172,A191,A201,1
24,1755,73.125,58,4,4,1,1,0,2,2,0,A32,A92,A103,A121,A143,A152,A172,A192,A201,1
10,2315,231.5,52,3,4,1,1,0,2,2,2,A32,A93,A101,A121,A143,A152,A172,A191,A201,1
12,1412,117.66666666666667,29,4,2,2,1,3,1,4,1,A34,A92,A103,A121,A143,A152,A174,A192,A201,1
18,1295,71.94444444444444,27,4,1,2,1,1,0,1,1,A34,A92,A101,A122,A143,A152,A173,A191,A201,1
36,12612,350.3333333333333,47,1,4,1,2,2,1,3,0,A32,A93,A101,A124,A143,A153,A173,A192,A201,2
18,2249,124.94444444444444,30,4,3,1,2,1,2,3,0,A32,A93,A101,A123,A143,A152,A174,A192,A201,1
12,1108,92.33333333333333,28,4,3,2,1,0,2,2,1,A30,A93,A101,A121,A143,A152,A173,A191,A201,2
12,618,51.5,56,4,4,1,1,3,2,5,2,A34,A93,A101,A121,A143,A152,A173,A191,A201,1
12,1409,117.41666666666667,54,4,3,1,1,0,2,2,2,A34,A93,A101,A121,A143,A152,A173,A191,A201,1
12,797,66.41666666666667,33,4,3,1,2,5,2,7,2,A34,A92,A101,A122,A141,A152,A172,A191,A201,2
24,3617,150.70833333333334,20,4,4,2,1,4,2,6,1,A34,A93,A102,A124,A143,A151,A173,A191,A201,1
12,1318,109.83333333333333,54,4,4,1,1,4,2,6,0,A32,A93,A101,A121,A143,A152,A173,A192,A201,1
54,15945,295.27777777777777,58,3,4,1,1,1,0,1,1,A30,A93,A101,A124,A143,A151,A173,A192,A201,2
12,2012,167.66666666666666,61,4,2,1,1,5,2,7,0,A34,A92,A101,A123,A143,A152,A173,A191,A201,1
18,2622,145.66666666666666,34,4,4,1,1,2,1,3,1,A32,A93,A101,A123,A143,A152,A173,A191,A201,1
36,2337,64.91666666666667,36,4,4,1,1,1,2,3,2,A34,A93,A101,A121,A143,A152,A173,A191,A201,1
20,7057,352.85,36,3,4,2,2,3,2,5,2,A33,A93,A101,A122,A141,A151,A174,A192,A201,1
24,1469,61.208333333333336,41,4,4,1,1,4,2,6,0,A32,A94,A101,A121,A143,A151,A172,A191,A201,1
36,2323,64.52777777777777,24,4,4,1,1,1,2,3,2,A32,A93,A101,A123,A143,A151,A173,A191,A201,1
6,932,155.33333333333334,24,3,2,1,1,3,1,4,2,A33,A92,A101,A121,A143,A152,A173,A191,A201,1
9,1919,213.22222222222223,35,4,3,1,1,1,2,3,1,A34,A93,A101,A123,A143,A151,A173,A192,A201,1
12,2445,203.75,26,2,4,1,1,5,0,5,2,A32,A94,A101,A123,A143,A151,A173,A192,A201,1
24,11938,497.4166666666667,39,2,3,2,2,1,1,2,0,A34,A93,A102,A123,A143,A152,A174,A192,A201,2
18,6458,358.77777777777777,39,2,4,2,2,3,2,5,0,A31,A93,A101,A124,A141,A152,A174,A192,A201,2
12,6078,506.5,32,2,2,1,1,1,2,3,0,A32,A93,A101,A123,A143,A152,A173,A191,A201,1
24,7721,321.7083333333333,30,1,2,1,1,2,0,2,1,A32,A92,A101,A122,A143,A152,A173,A192,A202,1
14,1410,100.71428571428571,35,1,2,1,1,3,2,5,1,A32,A94,A101,A121,A143,A152,A173,A192,A201,1
6,1449,241.5,31,1,2,2,2,2,2,4,1,A33,A91,A101,A123,A141,A152,A173,A191,A201,1
15,392,26.133333333333333,23,4,4,1,1,2,0,2,0,A32,A92,A101,A122,A143,A151,A173,A192,A201,1
18,6260,347.77777777777777,28,3,3,1,1,1,2,3,0,A32,A93,A101,A121,A143,A151,A172,A191,A201,1
36,7855,218.19444444444446,25,4,2,2,1,3,1,4,0,A34,A92,A101,A121,A142,A152,A173,A192,A201,2
12,1680,140.0,35,3,1,1,1,2,2,4,2,A32,A94,A101,A121,A143,A152,A173,A191,A201,1
48,3578,74.54166666666667,47,4,1,1,1,5,2,7,2,A34,A93,A101,A121,A143,A152,A173,A192,A201,1
42,7174,170.8095238095238,30,4,3,1,1,2,2,4,2,A32,A92,A101,A123,A143,A152,A174,A192,A201,2
10,2132,213.2,27,2,3,2,1,2,0,2,1,A34,A92,A102,A121,A143,A151,A173,A191,A202,1
33,4281,129.72727272727272,23,1,4,2,1,2,1,3,1,A34,A92,A101,A123,A143,A152,A173,A191,A201,2
12,2366,197.16666666666666,36,3,3,1,1,3,2,5,0,A34,A91,A101,A123,A143,A152,A174,A192,A201,1
21,1835,87.38095238095238,25,3,2,2,1,0,1,1,2,A32,A92,A101,A121,A143,A152,A173,A192,A201,2
24,3868,161.16666666666666,41,4,2,2,1,3,2,5,2,A34,A92,A101,A123,A143,A151,A174,A192,A201,1
12,1768,147.33333333333334,24,3,2,1,1,3,1,4,1,A32,A93,A101,A121,A143,A151,A172,A191,A201,1
10,781,78.1,63,4,4,2,1,2,2,4,0,A34,A93,A101,A124,A143,A153,A173,A192,A201,1
18,1924,106.88888888888889,27,4,3,1,1,3,0,3,1,A32,A92,A101,A121,A143,A151,A173,A191,A201,2
12,2121,176.75,30,4,2,2,1,0,1,1,0,A34,A93,A101,A122,A143,A152,A173,A191,A201,1
12,701,58.416666666666664,40,4,2,1,1,0,1,1,2,A32,A94,A101,A121,A143,A152,A172,A191,A201,1
12,639,53.25,30,4,2,1,1,1,1,2,1,A32,A93,A101,A123,A143,A152,A173,A191,A201,2
12,1860,155.0,34,4,2,2,1,1,0,1,2,A34,A93,A101,A123,A143,A152,A174,A192,A201,1
12,3499,291.5833333333333,29,3,2,2,1,0,1,1,0,A34,A92,A102,A121,A143,A152,A173,A191,A201,2
48,8487,176.8125,24,1,2,1,1,3,2,5,0,A32,A92,A101,A123,A143,A152,A173,A191,A201,1
36,6887,191.30555555555554,29,4,3,1,1,0,1,1,0,A33,A93,A101,A122,A142,A152,A173,A192,A201,2
15,2708,180.53333333333333,27,2,3,2,1,3,0,3,1,A32,A93,A101,A122,A141,A152,A172,A191,A201,1
18,1984,110.22222222222223,47,4,4,2,1,3,1,4,1,A32,A93,A101,A124,A141,A153,A173,A191,A201,1
60,10144,169.06666666666666,21,2,4,1,1,4,2,6,2,A32,A92,A101,A121,A143,A152,A173,A192,A201,1
12,1240,103.33333333333333,38,4,2,2,1,5,2,7,2,A34,A92,A101,A121,A143,A152,A173,A192,A201,1
27,8613,319.0,27,2,2,2,1,6,1,7,2,A33,A93,A101,A123,A143,A152,A173,A191,A201,1
12,766,63.833333333333336,66,4,3,1,1,3,1,4,2,A32,A93,A101,A121,A143,A152,A172,A191,A201,2
15,2728,181.86666666666667,35,4,2,3,1,3,2,5,2,A34,A93,A103,A121,A141,A152,A173,A192,A201,1
12,1881,156.75,44,2,2,1,1,2,1,3,2,A32,A92,A101,A123,A143,A151,A172,A192,A201,1
6,709,118.16666666666667,27,2,2,1,1,5,0,5,0,A32,A94,A101,A121,A143,A152,A171,A191,A202,1
36,4795,133.19444444444446,30,4,1,1,1,1,0,1,2,A32,A92,A101,A124,A143,A152,A174,A192,A201,1
27,3416,126.51851851851852,27,3,2,1,1,0,1,1,2,A32,A93,A101,A123,A143,A152,A174,A191,A201,1
18,2462,136.77777777777777,22,2,2,1,1,0,1,1,1,A32,A93,A101,A123,A143,A152,A173,A191,A201,2
21,2288,108.95238095238095,23,4,4,1,1,3,0,3,1,A34,A92,A101,A122,A143,A152,A173,A192,A201,1
48,3566,74.29166666666667,30,4,2,1,1,2,2,4,1,A31,A93,A101,A123,A143,A152,A173,A191,A201,1
6,860,143.33333333333334,39,1,4,2,1,0,2,2,0,A34,A92,A101,A124,A143,A152,A173,A192,A201,1
12,682,56.833333333333336,51,4,3,2,1,4,2,6,0,A34,A92,A101,A123,A143,A152,A173,A192,A201,1
36,5371,149.19444444444446,28,3,2,2,1,0,1,1,1,A34,A93,A103,A122,A143,A152,A173,A191,A201,1
18,1582,87.88888888888889,46,4,4,2,1,6,2,8,2,A34,A93,A101,A123,A143,A152,A173,A191,A201,1
6,1346,224.33333333333334,42,2,4,1,2,4,2,6,2,A32,A93,A101,A124,A141,A153,A173,A192,A201,1
10,1924,192.4,38,1,4,1,1,3,1,4,2,A32,A93,A101,A122,A143,A152,A173,A192,A202,1
36,5848,162.44444444444446,24,4,1,1,1,2,1,3,2,A32,A93,A101,A123,A143,A152,A173,A191,A201,1
24,7758,323.25,29,2,4,1,1,4,2,6,2,A34,A92,A101,A124,A143,A151,A173,A191,A201,1
24,6967,290.2916666666667,36,4,4,1,1,2,2,4,1,A33,A93,A101,A123,A143,A151,A174,A192,A201,1
12,1282,106.83333333333333,20,2,4,1,1,0,1,1,1,A32,A92,A101,A123,A143,A151,A173,A191,A201,2
9,1288,143.11111111111111,48,3,4,2,2,1,2,3,1,A34,A93,A103,A121,A143,A152,A173,A191,A202,1
12,339,28.25,45,4,1,1,1,0,2,2,3,A31,A94,A101,A123,A141,A152,A172,A191,A201,1
24,3512,146.33333333333334,38,2,3,2,1,2,2,4,0,A32,A93,A101,A123,A141,A152,A173,A192,A201,1
6,1898,316.3333333333333,34,1,2,2,2,5,1,6,2,A34,A93,A101,A121,A143,A152,A172,A191,A201,1
24,2872,119.66666666666667,36,3,4,1,2,4,2,6,2,A34,A93,A101,A121,A143,A152,A173,A192,A201,1
18,1055,58.611111111111114,30,4,1,2,1,3,0,3,0,A34,A92,A101,A122,A143,A152,A173,A191,A201,1
15,1262,84.13333333333334,36,4,3,2,1,5,2,7,1,A32,A93,A101,A122,A143,A152,A173,A192,A201,1
10,7308,730.8,70,2,4,1,1,1,0,1,0,A32,A93,A101,A124,A141,A153,A174,A192,A201,1
36,909,25.25,36,4,4,1,1,5,2,7,0,A32,A93,A101,A122,A143,A152,A173,A191,A201,1
6,2978,496.3333333333333,32,1,2,1,1,5,1,6,1,A32,A93,A101,A123,A143,A152,A173,A192,A201,1
18,1131,62.833333333333336,33,4,2,1,1,0,0,0,1,A32,A92,A101,A123,A143,A152,A173,A191,A201,2
11,1577,143.36363636363637,20,4,1,1,1,4,0,4,1,A32,A92,A101,A121,A143,A152,A173,A191,A201,1
24,3972,165.5,25,2,4,1,1,3,2,5,1,A32,A92,A101,A122,A143,A151,A173,A192,A201,1
24,1935,80.625,31,4,4,2,1,1,2,3,1,A34,A91,A101,A121,A143,A152,A173,A192,A201,2
15,950,63.333333333333336,33,4,3,2,2,0,2,2,0,A30,A93,A101,A123,A143,A151,A173,A191,A201,2
12,763,63.583333333333336,26,4,1,1,1,3,1,4,1,A32,A92,A101,A121,A143,A152,A173,A192,A201,1
24,2064,86.0,34,3,2,1,1,1,0,1,1,A33,A92,A101,A122,A143,A152,A174,A192,A201,2
8,1414,176.75,33,4,2,1,1,1,1,2,2,A32,A93,A103,A121,A143,A152,A173,A191,A202,1
21,3414,162.57142857142858,26,2,1,2,1,0,0,0,0,A33,A93,A101,A122,A143,A152,A173,A191,A201,2
30,7485,249.5,53,4,1,1,1,5,0,5,2,A31,A92,A101,A121,A141,A152,A174,A192,A201,2
12,2577,214.75,42,2,1,1,1,0,1,1,1,A32,A91,A101,A123,A143,A152,A173,A191,A201,1
6,338,56.333333333333336,52,4,4,2,1,2,2,4,2,A34,A93,A101,A123,A143,A152,A173,A191,A201,1
12,1963,163.58333333333334,31,4,2,2,2,3,2,5,2,A32,A93,A101,A123,A143,A151,A174,A192,A201,1
21,571,27.19047619047619,65,4,4,2,1,0,2,2,0,A34,A93,A101,A121,A143,A152,A173,A191,A201,1
36,9572,265.8888888888889,28,1,1,2,1,3,0,3,1,A33,A91,A101,A123,A143,A152,A173,A191,A201,2
36,4455,123.75,30,2,2,2,1,1,1,2,1,A33,A91,A101,A121,A142,A152,A174,A192,A201,2
21,1647,78.42857142857143,40,4,2,2,2,2,1,3,0,A31,A93,A101,A122,A143,A152,A172,A191,A201,2
24,3777,157.375,50,4,4,1,1,6,1,7,1,A34,A93,A101,A121,A143,A152,A173,A192,A201,1
18,884,49.111111111111114,36,4,4,1,2,1,2,3,0,A34,A93,A101,A123,A141,A152,A173,A192,A201,2
15,1360,90.66666666666667,31,4,2,2,1,3,1,4,2,A34,A93,A101,A122,A143,A152,A173,A191,A201,1
9,5129,569.8888888888889,74,2,4,1,2,1,2,3,2,A31,A92,A101,A124,A141,A153,A174,A192,A201,2
16,1175,73.4375,68,2,3,3,1,1,0,1,0,A34,A93,A101,A123,A143,A153,A171,A192,A201,1
12,674,56.166666666666664,20,4,1,1,1,1,2,3,2,A32,A94,A101,A122,A143,A152,A173,A191,A201,2
18,3244,180.22222222222223,33,1,4,2,1,1,1,2,1,A30,A92,A101,A123,A141,A152,A173,A192,A201,1
24,4591,191.29166666666666,54,2,3,3,1,6,1,7,1,A32,A93,A101,A122,A143,A152,A174,A192,A201,2
48,3844,80.08333333333333,34,4,4,1,2,2,2,4,1,A30,A93,A101,A124,A143,A153,A172,A191,A201,2
27,3915,145.0,36,4,2,1,2,1,1,2,1,A32,A93,A101,A123,A143,A152,A173,A192,A201,2
6,2108,351.3333333333333,29,2,2,1,1,3,2,5,2,A32,A94,A101,A121,A143,A151,A173,A191,A201,1
45,3031,67.35555555555555,21,4,4,1,1,2,1,3,2,A32,A93,A103,A122,A143,A151,A173,A191,A201,2
9,1501,166.77777777777777,34,2,3,2,1,1,2,3,0,A34,A92,A101,A123,A143,A152,A174,A192,A201,2
6,1382,230.33333333333334,28,1,1,2,1,3,1,4,2,A34,A92,A101,A123,A143,A152,A173,A192,A201,1
12,951,79.25,27,4,4,4,1,2,0,2,1,A32,A92,A101,A123,A141,A151,A173,A191,A201,2
24,2760,115.0,36,4,4,1,1,3,2,5,2,A32,A93,A101,A124,A141,A153,A173,A192,A201,1
18,4297,238.72222222222223,40,4,3,1,1,1,2,3,1,A33,A91,A101,A124,A143,A152,A174,A192,A201,2
9,936,104.0,52,4,2,2,1,5,2,7,0,A34,A93,A101,A123,A143,A152,A173,A192,A201,1
12,1168,97.33333333333333,27,4,3,1,1,0,1,1,0,A32,A94,A101,A121,A143,A152,A172,A191,A201,1
27,5117,189.5185185185185,26,3,4,2,1,3,2,5,1,A33,A93,A101,A123,A143,A152,A173,A191,A201,1
12,902,75.16666666666667,21,4,4,1,1,0,2,2,3,A32,A94,A101,A122,A143,A151,A173,A191,A201,2
12,1495,124.58333333333333,38,4,1,2,2,3,2,5,0,A34,A93,A101,A121,A143,A152,A172,A191,A201,1
30,10623,354.1,38,3,4,3,2,0,2,2,2,A34,A93,A101,A124,A143,A153,A174,A192,A201,1
12,1935,161.25,43,4,4,3,1,3,2,5,1,A34,A93,A101,A121,A143,A152,A173,A192,A201,1
12,1424,118.66666666666667,26,4,3,1,1,1,2,3,1,A34,A93,A101,A122,A143,A152,A173,A191,A201,1
24,6568,273.6666666666667,21,2,2,1,1,0,1,1,1,A32,A94,A101,A123,A142,A152,A172,A191,A201,1
12,1413,117.75,55,3,2,1,1,6,2,8,2,A32,A93,A101,A122,A143,A152,A173,A191,A202,1
9,3074,341.55555555555554,33,1,2,2,2,5,1,6,2,A34,A93,A101,A121,A143,A152,A173,A191,A201,1
36,3835,106.52777777777777,45,2,4,1,1,5,2,7,2,A32,A92,A101,A121,A143,A152,A172,A192,A201,1
27,5293,196.03703703703704,50,2,4,2,1,0,0,0,1,A30,A93,A101,A122,A142,A152,A173,A192,A201,2
30,1908,63.6,66,4,4,1,1,2,2,4,1,A33,A93,A101,A121,A143,A152,A174,A192,A201,2
36,3342,92.83333333333333,51,4,2,1,1,5,2,7,2,A34,A93,A101,A123,A143,A152,A173,A192,A201,1
6,932,155.33333333333334,39,1,3,2,1,3,2,5,3,A34,A92,A101,A122,A143,A152,A172,A191,A201,1
18,3104,172.44444444444446,31,3,1,1,1,0,2,2,1,A30,A93,A101,A122,A141,A152,A173,A192,A201,1
36,3913,108.69444444444444,23,2,2,1,1,2,1,3,2,A32,A93,A101,A121,A143,A152,A173,A192,A201,1
24,3021,125.875,24,2,2,1,1,0,1,1,1,A32,A91,A101,A121,A143,A151,A172,A191,A201,1
10,1364,136.4,64,2,4,1,1,3,1,4,0,A32,A92,A101,A123,A143,A152,A173,A192,A201,1
12,625,52.083333333333336,26,4,1,1,1,1,0,1,2,A32,A94,A103,A121,A141,A152,A172,A191,A201,1
12,1200,100.0,23,4,4,1,1,2,1,3,0,A32,A92,A101,A122,A141,A151,A173,A192,A201,1
12,707,58.916666666666664,30,4,2,2,1,3,1,4,2,A32,A93,A101,A121,A141,A152,A173,A191,A201,1
24,2978,124.08333333333333,32,4,4,2,2,5,1,6,1,A33,A93,A101,A121,A143,A152,A173,A192,A201,1
15,4657,310.46666666666664,30,3,2,1,1,3,1,4,2,A32,A93,A101,A123,A143,A152,A173,A192,A201,1
36,2613,72.58333333333333,27,4,2,2,1,3,1,4,1,A30,A93,A101,A123,A143,A152,A173,A191,A201,1
48,10961,228.35416666666666,27,1,2,2,1,4,2,6,2,A32,A93,A102,A124,A141,A152,A173,A192,A201,2
12,7865,655.4166666666666,53,4,4,1,1,0,2,2,1,A32,A93,A101,A124,A143,A153,A174,A192,A201,2
9,1478,164.22222222222223,22,4,2,1,1,3,2,5,2,A32,A93,A101,A123,A143,A152,A173,A191,A201,2
24,3149,131.20833333333334,22,4,1,1,1,0,0,0,1,A32,A93,A101,A124,A141,A153,A173,A191,A201,1
36,4210,116.94444444444444,26,4,2,1,1,2,1,3,2,A32,A93,A101,A123,A143,A152,A173,A191,A201,2
9,2507,278.55555555555554,51,2,4,1,1,5,2,7,0,A32,A93,A101,A124,A143,A153,A172,A191,A201,1
12,2141,178.41666666666666,35,3,1,1,1,4,2,6,2,A32,A93,A101,A124,A143,A152,A173,A191,A201,1
18,866,48.111111111111114,25,4,2,1,1,1,1,2,2,A32,A94,A103,A121,A143,A152,A172,A191,A201,1
4,1544,386.0,42,2,1,3,2,3,2,5,2,A34,A93,A101,A121,A143,A152,A172,A191,A201,1
24,1823,75.95833333333333,30,4,2,1,2,0,0,0,2,A32,A93,A101,A123,A142,A152,A174,A191,A201,2
6,14555,2425.8333333333335,23,1,2,1,1,3,0,3,0,A32,A93,A101,A122,A143,A152,A171,A192,A201,2
21,2767,131.76190476190476,61,4,2,2,1,2,2,4,1,A32,A91,A101,A123,A141,A151,A172,A191,A201,2
12,1291,107.58333333333333,35,4,2,2,1,3,1,4,2,A34,A92,A101,A122,A143,A152,A173,A191,A201,1
30,2522,84.06666666666666,39,1,3,1,2,0,2,2,2,A32,A93,A103,A122,A143,A152,A173,A191,A201,1
24,915,38.125,29,4,2,1,1,2,2,4,0,A32,A92,A101,A123,A141,A152,A173,A191,A201,2
6,1595,265.8333333333333,51,3,2,1,2,3,2,5,2,A32,A93,A101,A122,A143,A152,A173,A191,A201,1
48,4605,95.9375,24,3,4,2,2,0,2,2,2,A30,A93,A101,A124,A143,A153,A173,A191,A201,2
12,1185,98.75,27,3,2,2,1,3,1,4,1,A34,A92,A101,A121,A143,A152,A173,A191,A201,1
12,3447,287.25,35,4,3,1,2,5,1,6,3,A31,A92,A101,A121,A143,A152,A172,A191,A201,1
24,1258,52.416666666666664,25,4,1,1,1,3,2,5,1,A32,A93,A101,A121,A143,A152,A173,A192,A201,1
12,717,59.75,52,4,4,3,1,3,2,5,2,A34,A93,A101,A121,A143,A152,A173,A191,A201,1
6,1204,200.66666666666666,35,4,1,1,1,4,1,5,0,A30,A93,A101,A124,A141,A151,A173,A191,A202,1
24,1925,80.20833333333333,26,2,2,1,1,2,1,3,1,A32,A93,A101,A121,A143,A152,A173,A191,A201,1
18,433,24.055555555555557,22,3,4,1,1,3,0,3,2,A32,A92,A102,A121,A143,A151,A173,A191,A201,2
6,666,111.0,39,3,4,2,1,3,2,5,0,A34,A92,A101,A121,A143,A152,A172,A192,A201,1
12,2251,187.58333333333334,46,1,2,1,1,2,1,3,1,A32,A92,A101,A123,A143,A152,A172,A191,A201,1
30,2150,71.66666666666667,24,4,2,1,1,1,1,2,0,A32,A92,A103,A124,A141,A152,A173,A191,A201,2
24,4151,172.95833333333334,35,2,3,2,1,4,1,5,1,A33,A93,A101,A122,A143,A152,A173,A191,A201,1
9,2030,225.55555555555554,24,2,1,1,1,3,2,5,1,A32,A93,A101,A123,A143,A152,A173,A192,A201,1
60,7418,123.63333333333334,27,1,1,1,1,3,1,4,2,A33,A93,A101,A121,A143,A152,A172,A191,A201,1
24,2684,111.83333333333333,35,4,2,2,1,3,1,4,2,A34,A93,A101,A121,A143,A152,A172,A191,A201,1
12,2149,179.08333333333334,29,4,1,1,1,0,1,1,2,A31,A91,A101,A124,A143,A153,A173,A191,A201,2
15,3812,254.13333333333333,23,1,4,1,1,4,0,4,2,A32,A92,A101,A123,A143,A152,A173,A192,A201,1
11,1154,104.9090909090909,57,4,4,3,1,4,0,4,2,A34,A92,A101,A121,A143,A152,A172,A191,A201,1
12,1657,138.08333333333334,27,2,2,1,1,0,1,1,1,A32,A93,A101,A121,A143,A152,A173,A191,A201,1
24,1603,66.79166666666667,55,4,4,1,1,0,2,2,2,A32,A92,A101,A123,A143,A152,A173,A191,A201,1
18,5302,294.55555555555554,36,2,4,3,1,0,2,2,0,A34,A93,A101,A124,A143,A153,A174,A192,A201,1
12,2748,229.0,57,2,4,3,1,3,2,5,0,A34,A92,A101,A124,A141,A153,A172,A191,A201,1
10,1231,123.1,32,3,4,2,2,3,2,5,0,A34,A93,A101,A121,A143,A152,A172,A191,A202,1
15,802,53.46666666666667,37,4,3,1,2,1,2,3,2,A32,A93,A101,A123,A143,A152,A173,A191,A201,2
36,6304,175.11111111111111,36,4,4,2,1,5,2,7,1,A34,A93,A101,A121,A143,A152,A173,A191,A201,1
24,1533,63.875,38,4,3,1,1,3,0,3,2,A32,A92,A101,A123,A142,A152,A173,A192,A201,1
14,8978,641.2857142857143,45,1,4,1,1,0,2,2,0,A32,A91,A101,A122,A143,A152,A174,A192,A202,2
24,999,41.625,25,4,2,2,1,5,2,7,2,A32,A93,A101,A123,A143,A152,A173,A191,A201,1
18,2662,147.88888888888889,32,4,3,1,1,5,2,7,0,A32,A93,A101,A122,A143,A152,A173,A191,A202,1
12,1402,116.83333333333333,37,3,4,1,1,5,2,7,1,A34,A92,A101,A123,A143,A151,A173,A192,A201,1
48,12169,253.52083333333334,36,4,4,1,1,3,0,3,0,A31,A93,A102,A124,A143,A153,A174,A192,A201,1
48,3060,63.75,28,4,4,2,1,1,2,3,2,A32,A93,A101,A121,A143,A152,A173,A191,A201,2
30,11998,399.93333333333334,34,1,1,1,1,0,0,0,1,A32,A91,A101,A124,A143,A152,A172,A192,A201,2
9,2697,299.6666666666667,32,1,2,1,2,3,1,4,2,A32,A93,A101,A121,A143,A152,A173,A191,A201,1
18,2404,133.55555555555554,26,2,2,2,1,3,1,4,2,A34,A92,A101,A123,A143,A152,A173,A191,A201,1
12,1262,105.16666666666667,49,2,4,1,1,2,2,4,1,A32,A91,A101,A122,A143,A152,A172,A192,A201,1
6,4611,768.5,32,1,4,1,1,3,0,3,1,A32,A92,A101,A122,A143,A152,A173,A191,A201,2
24,1901,79.20833333333333,29,4,4,1,1,4,1,5,2,A32,A93,A101,A123,A143,A151,A174,A192,A201,1
15,3368,224.53333333333333,23,3,4,2,1,6,2,8,2,A34,A93,A101,A124,A143,A151,A173,A192,A201,1
12,1574,131.16666666666666,50,4,2,1,1,3,1,4,1,A32,A93,A101,A121,A143,A152,A173,A191,A201,1
18,1445,80.27777777777777,49,4,4,1,1,4,2,6,2,A31,A93,A101,A123,A141,A152,A172,A191,A201,1
15,1520,101.33333333333333,63,4,4,1,1,5,2,7,1,A34,A93,A101,A122,A143,A152,A173,A191,A201,1
24,3878,161.58333333333334,37,4,2,1,1,2,0,2,0,A34,A91,A101,A123,A143,A152,A173,A192,A201,1
47,10722,228.12765957446808,35,1,1,1,1,0,0,0,0,A32,A92,A101,A121,A143,A152,A172,A192,A201,1
48,4788,99.75,26,4,3,1,2,0,2,2,2,A32,A93,A101,A122,A143,A152,A173,A191,A201,1
48,7582,157.95833333333334,31,2,4,1,1,2,0,2,0,A33,A93,A101,A124,A143,A153,A174,A192,A201,1
12,1092,91.0,49,4,4,2,1,1,1,2,2,A32,A92,A103,A121,A143,A152,A173,A192,A201,1
24,1024,42.666666666666664,48,4,4,1,1,0,0,0,2,A33,A94,A101,A121,A142,A152,A173,A191,A201,2
12,1076,89.66666666666667,26,2,2,1,1,3,1,4,1,A32,A94,A101,A121,A143,A152,A173,A192,A202,1
36,9398,261.05555555555554,28,1,4,1,1,1,0,1,2,A32,A94,A101,A123,A143,A151,A174,A192,A201,2
24,6419,267.4583333333333,44,2,4,2,2,0,2,2,2,A34,A92,A101,A124,A143,A153,A174,A192,A201,1
42,4796,114.19047619047619,56,4,4,1,1,2,2,4,2,A34,A93,A101,A124,A143,A153,A173,A191,A201,1
48,7629,158.9375,46,4,2,2,2,5,2,7,1,A34,A91,A101,A123,A141,A152,A174,A191,A201,1
48,9960,207.5,26,1,2,1,1,1,0,1,1,A32,A92,A101,A123,A143,A152,A173,A192,A201,2
12,4675,389.5833333333333,20,1,4,1,1,5,0,5,2,A32,A92,A101,A123,A143,A151,A173,A191,A201,1
10,1287,128.7,45,4,2,1,1,5,2,7,0,A32,A93,A102,A122,A143,A152,A172,A191,A202,1
18,2515,139.72222222222223,43,3,4,1,1,3,1,4,1,A32,A93,A101,A121,A143,A152,A173,A192,A201,1
21,2745,130.71428571428572,32,3,2,2,1,4,2,6,1,A34,A93,A101,A123,A143,A152,A173,A192,A201,1
6,672,112.0,54,1,4,1,1,3,0,3,0,A32,A92,A101,A121,A143,A152,A171,A192,A201,1
36,3804,105.66666666666667,42,4,1,1,1,1,1,2,2,A30,A92,A101,A123,A143,A152,A173,A192,A201,2
24,1344,56.0,37,4,2,2,2,4,2,6,0,A34,A93,A101,A121,A141,A152,A172,A191,A201,2
10,1038,103.8,49,4,3,2,1,0,2,2,0,A34,A93,A102,A122,A143,A152,A173,A192,A201,1
48,10127,210.97916666666666,44,2,2,1,1,5,1,6,0,A34,A93,A101,A124,A141,A153,A173,A191,A201,2
6,1543,257.1666666666667,33,4,2,1,1,6,1,7,1,A32,A91,A101,A121,A143,A152,A173,A191,A201,1
30,4811,160.36666666666667,24,2,4,1,1,5,2,7,2,A32,A92,A101,A122,A142,A151,A172,A191,A201,1
12,727,60.583333333333336,33,4,3,1,1,1,0,1,2,A32,A94,A101,A124,A143,A152,A172,A192,A201,2
8,1237,154.625,24,3,4,1,1,1,1,2,1,A32,A92,A101,A121,A143,A152,A173,A191,A201,2
9,276,30.666666666666668,22,4,4,1,1,1,1,2,0,A32,A94,A101,A121,A143,A151,A172,A191,A201,1
48,5381,112.10416666666667,40,3,4,1,1,3,0,3,0,A32,A93,A101,A124,A141,A153,A171,A192,A201,1
24,5511,229.625,25,4,1,1,1,4,1,5,1,A32,A93,A101,A123,A142,A152,A173,A191,A201,1
24,3749,156.20833333333334,26,2,4,1,1,2,0,2,1,A32,A92,A101,A123,A143,A152,A173,A191,A201,1
12,685,57.083333333333336,25,2,3,1,1,1,2,3,0,A32,A94,A101,A123,A141,A152,A172,A191,A201,2
4,1494,373.5,29,1,2,1,2,4,0,4,0,A32,A93,A101,A121,A143,A152,A172,A191,A202,1
36,2746,76.27777777777777,31,4,4,1,1,0,2,2,1,A31,A93,A101,A123,A141,A152,A173,A191,A201,2
12,708,59.0,38,2,3,1,2,0,1,1,1,A32,A93,A103,A122,A143,A152,A172,A191,A201,1
24,4351,181.29166666666666,48,1,4,1,1,3,1,4,1,A32,A92,A101,A122,A143,A152,A172,A192,A201,1
12,701,58.416666666666664,32,4,2,2,1,3,1,4,0,A34,A93,A101,A123,A143,A152,A173,A191,A201,1
15,3643,242.86666666666667,27,1,4,2,1,0,2,2,1,A33,A92,A101,A122,A143,A152,A172,A191,A201,1
30,4249,141.63333333333333,28,4,2,2,1,1,0,1,0,A34,A94,A101,A123,A143,A152,A174,A191,A201,2
24,1938,80.75,32,4,3,1,1,0,0,0,2,A32,A91,A101,A122,A143,A152,A173,A191,A201,2
24,2910,121.25,34,2,1,1,1,0,2,2,2,A32,A93,A101,A124,A143,A153,A174,A192,A201,1
18,2659,147.72222222222223,28,4,2,1,1,3,1,4,1,A32,A93,A101,A123,A143,A152,A173,A191,A201,1
18,1028,57.111111111111114,36,4,3,2,1,3,1,4,0,A34,A92,A101,A121,A143,A152,A173,A191,A201,1
8,3398,424.75,39,1,4,2,1,0,2,2,0,A34,A93,A101,A121,A143,A152,A172,A191,A202,1
12,5801,483.4166666666667,49,2,4,1,1,5,2,7,1,A34,A93,A101,A122,A143,A151,A173,A192,A201,1
24,1525,63.541666666666664,34,4,3,1,2,6,2,8,0,A32,A92,A101,A123,A143,A152,A173,A192,A201,1
36,4473,124.25,31,4,2,1,1,2,2,4,2,A32,A93,A101,A123,A143,A152,A173,A191,A201,1
6,1068,178.0,28,4,4,1,2,1,2,3,2,A32,A93,A101,A123,A143,A152,A173,A191,A201,1
24,6615,275.625,75,2,4,2,1,0,0,0,2,A34,A93,A101,A124,A143,A153,A174,A192,A201,1
18,1864,103.55555555555556,30,4,2,2,1,4,1,5,0,A34,A92,A101,A121,A143,A152,A173,A191,A201,2
60,7408,123.46666666666667,24,4,2,1,1,2,0,2,0,A32,A92,A101,A122,A143,A152,A174,A191,A201,2
48,11590,241.45833333333334,24,2,4,2,1,4,1,5,2,A34,A92,A101,A123,A141,A151,A172,A191,A201,2
24,4110,171.25,23,3,4,2,2,0,2,2,1,A30,A93,A101,A124,A141,A151,A173,A191,A201,2
6,3384,564.0,44,1,4,1,1,0,1,1,1,A34,A91,A101,A121,A143,A151,A174,A192,A201,2
13,2101,161.6153846153846,23,2,4,1,1,1,0,1,2,A32,A92,A103,A122,A143,A152,A172,A191,A201,1
15,1275,85.0,24,4,2,1,1,2,1,3,1,A32,A92,A101,A123,A143,A151,A173,A191,A201,2
24,4169,173.70833333333334,28,4,4,1,1,0,1,1,1,A32,A93,A101,A122,A143,A152,A173,A191,A201,1
10,1521,152.1,31,4,2,1,1,1,1,2,1,A32,A91,A101,A123,A143,A152,A172,A191,A201,1
24,5743,239.29166666666666,24,2,4,2,1,1,0,1,0,A34,A92,A101,A124,A143,A153,A173,A192,A201,1
21,3599,171.38095238095238,26,1,4,1,1,0,2,2,1,A32,A92,A101,A123,A143,A151,A172,A191,A201,1
18,3213,178.5,25,1,3,1,1,3,0,3,2,A32,A94,A101,A121,A143,A151,A173,A191,A201,1
18,4439,246.61111111111111,33,1,1,1,1,1,2,3,1,A32,A93,A102,A121,A141,A152,A174,A192,A201,1
10,3949,394.9,37,1,1,1,2,2,0,2,0,A32,A93,A103,A122,A143,A152,A172,A191,A201,1
15,1459,97.26666666666667,43,4,2,1,1,3,1,4,2,A34,A92,A101,A123,A143,A152,A172,A191,A201,1
13,882,67.84615384615384,23,4,4,2,1,1,0,1,2,A34,A93,A103,A121,A143,A152,A173,A191,A201,1
24,3758,156.58333333333334,23,1,4,1,1,3,0,3,2,A32,A92,A101,A124,A143,A151,A171,A191,A201,1
6,1743,290.5,34,1,2,2,1,4,1,5,1,A33,A93,A101,A121,A143,A152,A172,A191,A201,1
9,1136,126.22222222222223,32,4,3,2,2,4,2,6,0,A34,A93,A101,A124,A143,A153,A173,A191,A201,2
9,1236,137.33333333333334,23,1,4,1,1,3,0,3,1,A32,A92,A101,A121,A143,A151,A173,A192,A201,1
9,959,106.55555555555556,29,1,2,1,1,1,1,2,1,A32,A92,A101,A123,A143,A152,A173,A191,A202,2
18,3229,179.38888888888889,38,2,4,1,1,5,0,5,2,A34,A93,A101,A124,A143,A152,A174,A192,A201,1
12,6199,516.5833333333334,28,4,2,2,1,0,1,1,2,A30,A93,A101,A122,A143,A151,A173,A192,A201,2
10,727,72.7,46,4,4,1,1,5,2,7,0,A32,A93,A101,A124,A143,A153,A173,A192,A201,1
24,1246,51.916666666666664,23,4,2,1,1,1,0,1,0,A32,A93,A101,A121,A142,A152,A172,A191,A201,2
12,2331,194.25,49,1,4,1,1,5,2,7,2,A34,A93,A102,A121,A143,A152,A173,A192,A201,1
36,4463,123.97222222222223,26,4,2,2,1,3,1,4,2,A33,A93,A101,A123,A143,A152,A174,A192,A201,2
12,776,64.66666666666667,28,4,2,1,1,3,1,4,2,A32,A94,A101,A121,A143,A152,A173,A191,A201,1
30,2406,80.2,23,4,4,1,1,0,2,2,1,A32,A92,A101,A121,A143,A151,A173,A191,A201,2
18,1239,68.83333333333333,61,4,4,1,1,3,1,4,0,A32,A93,A101,A124,A143,A153,A173,A191,A201,1
12,3399,283.25,37,2,3,1,1,4,2,6,2,A32,A93,A101,A123,A143,A152,A174,A191,A201,1
12,2247,187.25,36,2,2,2,1,2,1,3,0,A33,A92,A101,A123,A142,A152,A173,A192,A201,1
6,1766,294.3333333333333,21,1,2,1,1,3,1,4,1,A32,A94,A101,A122,A143,A151,A173,A191,A201,1
18,2473,137.38888888888889,25,4,1,1,1,0,0,0,1,A32,A93,A101,A123,A143,A152,A171,A191,A201,2
12,1542,128.5,36,2,4,1,1,3,2,5,1,A32,A93,A101,A123,A143,A152,A173,A192,A201,1
18,3850,213.88888888888889,27,3,1,2,1,3,2,5,2,A34,A93,A101,A123,A143,A152,A173,A191,A201,1
18,3650,202.77777777777777,22,1,4,1,1,0,0,0,1,A32,A92,A101,A123,A143,A151,A173,A191,A201,1
36,3446,95.72222222222223,42,4,2,1,2,0,2,2,1,A32,A93,A101,A123,A143,A152,A173,A191,A201,2
18,3001,166.72222222222223,40,2,4,1,1,1,2,3,1,A32,A92,A101,A121,A143,A151,A173,A191,A201,1
36,3079,85.52777777777777,36,4,4,1,1,5,1,6,0,A32,A93,A101,A121,A143,A152,A173,A191,A201,1
18,6070,337.22222222222223,33,3,4,2,1,3,2,5,2,A34,A93,A101,A123,A143,A152,A173,A192,A201,1
10,2146,214.6,23,1,3,2,1,3,0,3,1,A34,A92,A101,A121,A143,A151,A173,A191,A201,1
60,13756,229.26666666666668,63,2,4,1,1,5,2,7,0,A34,A93,A101,A124,A141,A153,A174,A192,A201,1
60,14782,246.36666666666667,60,3,4,2,1,2,2,4,0,A31,A92,A101,A124,A141,A153,A174,A192,A201,2
48,7685,160.10416666666666,37,2,4,1,1,0,2,2,1,A31,A92,A103,A123,A143,A151,A173,A191,A201,2
18,2320,128.88888888888889,34,2,3,2,1,3,0,3,2,A33,A94,A101,A121,A143,A152,A173,A191,A201,1
7,846,120.85714285714286,36,3,4,1,1,5,2,7,2,A33,A93,A101,A124,A143,A153,A173,A191,A201,1
36,14318,397.72222222222223,57,4,2,1,1,1,2,3,0,A32,A93,A101,A124,A143,A153,A174,A192,A201,2
6,362,60.333333333333336,52,4,4,2,1,4,1,5,0,A34,A92,A101,A123,A143,A152,A172,A191,A201,1
20,2212,110.6,39,4,4,1,1,2,2,4,1,A32,A93,A101,A123,A143,A152,A173,A192,A201,1
18,12976,720.8888888888889,38,3,4,1,1,1,0,1,2,A32,A92,A101,A124,A143,A153,A174,A192,A201,2
22,1283,58.31818181818182,25,4,4,1,1,5,2,7,0,A32,A92,A101,A122,A143,A151,A173,A191,A201,1
12,1330,110.83333333333333,26,4,1,1,1,2,0,2,0,A32,A93,A101,A121,A143,A152,A173,A191,A201,1
30,4272,142.4,26,2,2,2,1,4,1,5,1,A33,A93,A101,A122,A143,A152,A172,A191,A201,1
18,2238,124.33333333333333,25,2,1,2,1,3,1,4,2,A34,A92,A101,A123,A143,A152,A173,A191,A201,1
18,1126,62.55555555555556,21,4,2,1,1,5,0,5,2,A32,A92,A101,A121,A143,A151,A173,A192,A201,1
18,7374,409.6666666666667,40,4,4,2,1,1,0,1,1,A34,A93,A101,A122,A142,A152,A174,A192,A201,1
15,2326,155.06666666666666,27,2,4,1,1,3,1,4,1,A34,A93,A101,A123,A141,A152,A173,A191,A201,1
9,1449,161.0,27,3,2,2,1,3,2,5,1,A32,A92,A101,A123,A143,A152,A173,A191,A201,1
18,1820,101.11111111111111,30,2,2,1,1,3,1,4,0,A32,A94,A101,A122,A143,A152,A174,A192,A201,1
12,983,81.91666666666667,19,1,4,1,1,4,0,4,1,A32,A92,A101,A121,A143,A151,A172,A191,A201,1
36,3249,90.25,39,2,4,1,2,0,2,2,0,A32,A93,A101,A124,A141,A153,A174,A192,A201,1
6,1957,326.1666666666667,31,1,4,1,1,0,2,2,2,A34,A92,A101,A123,A143,A152,A173,A191,A201,1
9,2406,267.3333333333333,31,2,3,1,1,3,0,3,1,A34,A93,A101,A123,A143,A152,A174,A191,A201,1
39,11760,301.53846153846155,32,2,3,1,1,2,2,4,0,A33,A93,A101,A124,A143,A151,A173,A192,A201,1
12,2578,214.83333333333334,55,3,4,1,1,0,0,0,1,A32,A92,A101,A124,A143,A153,A174,A191,A201,1
36,2348,65.22222222222223,46,3,2,2,1,0,1,1,1,A34,A94,A101,A122,A143,A152,A173,A192,A201,1
12,1223,101.91666666666667,46,1,1,2,1,1,2,3,0,A32,A91,A101,A121,A143,A151,A173,A191,A201,2
24,1516,63.166666666666664,43,4,1,2,1,6,1,7,2,A34,A92,A101,A121,A143,A152,A172,A191,A201,1
18,1473,81.83333333333333,39,3,4,1,1,3,0,3,2,A32,A94,A101,A121,A143,A152,A173,A192,A201,1
18,1887,104.83333333333333,28,4,4,2,1,3,1,4,1,A34,A94,A101,A121,A141,A152,A173,A191,A201,1
24,8648,360.3333333333333,27,2,2,2,1,3,0,3,1,A33,A93,A101,A123,A141,A152,A173,A192,A201,2
14,802,57.285714285714285,27,4,2,2,1,3,1,4,0,A33,A93,A101,A123,A143,A152,A172,A191,A201,1
18,2899,161.05555555555554,43,4,4,1,2,3,2,5,0,A33,A93,A101,A123,A143,A152,A173,A191,A201,1
24,2039,84.95833333333333,22,1,1,1,1,1,0,1,2,A32,A94,A101,A122,A143,A152,A173,A192,A201,2
24,2197,91.54166666666667,43,4,4,2,2,5,2,7,2,A34,A93,A101,A123,A143,A152,A173,A192,A201,1
15,1053,70.2,27,4,2,1,1,0,0,0,2,A32,A94,A101,A121,A143,A152,A173,A191,A202,1
24,3235,134.79166666666666,26,3,2,1,1,5,2,7,2,A32,A91,A101,A123,A143,A152,A174,A192,A201,1
12,939,78.25,28,4,2,3,1,4,2,6,0,A34,A94,A101,A121,A143,A152,A173,A192,A201,2
24,1967,81.95833333333333,20,4,4,1,1,1,2,3,2,A32,A92,A101,A123,A143,A152,A173,A192,A201,1
33,7253,219.78787878787878,35,3,2,2,1,3,2,5,2,A34,A93,A101,A123,A143,A152,A174,A192,A201,1
12,2292,191.0,42,4,2,2,1,3,0,3,1,A34,A93,A101,A123,A142,A152,A174,A192,A201,2
10,1597,159.7,40,3,2,1,2,5,1,6,0,A32,A93,A101,A124,A143,A151,A172,A191,A202,1
24,1381,57.541666666666664,35,4,2,1,1,2,1,3,0,A32,A92,A101,A122,A143,A152,A173,A191,A201,2
36,5842,162.27777777777777,35,2,2,2,2,3,2,5,2,A34,A93,A101,A122,A143,A152,A173,A192,A201,1
12,2579,214.91666666666666,33,4,1,1,2,0,0,0,0,A32,A93,A101,A121,A143,A152,A172,A191,A201,2
18,8471,470.6111111111111,23,1,2,2,1,2,1,3,0,A33,A92,A101,A123,A143,A151,A173,A192,A201,1
21,2782,132.47619047619048,31,1,2,1,1,5,2,7,0,A32,A92,A101,A123,A141,A152,A174,A191,A201,1
18,1042,57.888888888888886,33,4,2,1,1,3,1,4,0,A32,A92,A101,A122,A143,A152,A173,A191,A201,2
15,3186,212.4,20,2,3,1,1,6,2,8,0,A32,A92,A101,A123,A143,A151,A173,A191,A201,1
12,2028,169.0,30,4,2,1,1,3,1,4,2,A32,A93,A101,A123,A143,A152,A173,A191,A201,1
12,958,79.83333333333333,47,2,3,2,2,1,2,3,0,A34,A93,A101,A121,A143,A152,A172,A191,A201,1
21,1591,75.76190476190476,34,4,3,2,1,4,2,6,1,A33,A93,A101,A121,A143,A152,A174,A191,A201,1
12,2762,230.16666666666666,25,1,2,1,1,3,2,5,1,A32,A92,A101,A122,A141,A152,A173,A192,A201,2
18,2779,154.38888888888889,21,1,3,1,1,1,1,2,2,A32,A94,A101,A123,A143,A151,A173,A192,A201,1
28,2743,97.96428571428571,29,4,2,2,1,3,2,5,2,A34,A93,A101,A123,A143,A152,A173,A191,A201,1
18,1149,63.833333333333336,46,4,3,2,1,6,1,7,2,A34,A93,A101,A121,A143,A152,A173,A191,A201,1
9,1313,145.88888888888889,20,1,4,1,1,3,2,5,1,A32,A93,A101,A123,A143,A152,A173,A191,A201,1
18,1190,66.11111111111111,55,2,4,3,2,0,0,0,1,A34,A92,A101,A124,A143,A153,A171,A191,A201,2
5,3448,689.6,74,1,4,1,1,3,2,5,1,A32,A93,A101,A121,A143,A152,A172,A191,A201,1
24,11328,472.0,29,2,3,2,1,1,1,2,0,A32,A93,A102,A123,A141,A152,A174,A192,A201,2
6,1872,312.0,36,4,4,3,1,0,0,0,1,A34,A93,A101,A124,A143,A153,A174,A192,A201,1
24,2058,85.75,33,4,2,2,1,3,1,4,1,A34,A91,A101,A121,A143,A152,A173,A192,A201,1
9,2136,237.33333333333334,25,3,2,1,1,0,1,1,1,A32,A93,A101,A121,A143,A152,A173,A191,A201,1
12,1484,123.66666666666667,25,2,1,1,1,3,1,4,2,A32,A94,A101,A121,A143,A152,A173,A192,A201,2
6,660,110.0,23,2,4,1,1,5,2,7,1,A32,A94,A101,A121,A143,A151,A172,A191,A201,1
24,1287,53.625,37,4,4,2,1,6,2,8,0,A34,A92,A101,A121,A143,A152,A173,A192,A201,1
42,3394,80.80952380952381,65,4,4,2,1,0,0,0,1,A34,A93,A102,A123,A143,A152,A171,A191,A201,1
12,609,50.75,26,4,1,1,1,2,0,2,1,A31,A92,A101,A121,A143,A152,A171,A191,A201,2
12,1884,157.0,39,4,4,1,1,3,2,5,0,A32,A93,A101,A123,A143,A152,A174,A192,A201,1
12,1620,135.0,30,2,3,1,1,0,1,1,1,A32,A92,A102,A122,A143,A152,A173,A191,A201,1
20,2629,131.45,29,2,3,2,1,1,1,2,0,A33,A93,A101,A123,A141,A152,A173,A192,A201,1
12,719,59.916666666666664,41,4,4,1,2,3,2,5,0,A32,A93,A101,A123,A141,A152,A172,A191,A201,2
48,5096,106.16666666666667,30,2,3,1,1,1,1,2,1,A34,A92,A101,A123,A143,A152,A174,A192,A201,2
9,1244,138.22222222222223,41,4,4,2,1,5,2,7,0,A34,A92,A101,A122,A143,A151,A172,A191,A201,1
36,1842,51.166666666666664,34,4,4,1,1,0,0,0,0,A32,A92,A101,A123,A143,A152,A173,A192,A201,2
7,2576,368.0,35,2,2,1,1,1,1,2,2,A32,A93,A103,A121,A143,A152,A173,A191,A201,1
12,1424,118.66666666666667,55,3,4,1,1,4,2,6,1,A32,A92,A101,A121,A143,A152,A174,A192,A201,1
15,1512,100.8,61,3,3,2,1,4,1,5,1,A33,A94,A101,A122,A142,A152,A173,A191,A201,2
36,11054,307.05555555555554,30,4,2,1,1,5,1,6,2,A34,A93,A101,A123,A143,A152,A174,A192,A201,1
6,518,86.33333333333333,29,3,1,1,1,3,1,4,2,A32,A92,A101,A121,A143,A152,A173,A191,A201,1
12,2759,229.91666666666666,34,2,4,2,1,3,2,5,1,A30,A93,A101,A122,A143,A152,A173,A191,A201,1
24,2670,111.25,35,4,4,1,1,3,2,5,2,A32,A93,A101,A123,A143,A152,A174,A192,A201,1
24,4817,200.70833333333334,31,2,3,1,1,0,2,2,0,A32,A93,A102,A122,A143,A152,A173,A192,A201,2
24,2679,111.625,29,4,1,1,1,3,0,3,2,A32,A92,A101,A124,A143,A152,A174,A192,A201,1
11,3905,355.0,36,2,2,2,2,0,1,1,0,A34,A93,A101,A121,A143,A151,A173,A191,A201,1
12,3386,282.1666666666667,35,3,4,1,1,0,2,2,2,A32,A93,A101,A124,A143,A153,A173,A192,A201,2
6,343,57.166666666666664,27,4,1,1,1,0,0,0,1,A32,A92,A101,A121,A143,A152,A173,A191,A201,1
18,4594,255.22222222222223,32,3,2,1,1,3,0,3,2,A32,A93,A101,A123,A143,A152,A173,A192,A201,1
36,3620,100.55555555555556,37,1,2,1,2,0,1,1,1,A32,A93,A103,A122,A143,A152,A173,A191,A201,1
15,1721,114.73333333333333,36,2,3,1,1,0,0,0,0,A32,A93,A101,A121,A143,A152,A173,A191,A201,1
12,3017,251.41666666666666,34,3,1,1,1,1,0,1,1,A32,A92,A101,A121,A143,A151,A174,A191,A201,1
12,754,62.833333333333336,38,4,4,2,1,3,2,5,3,A32,A93,A101,A122,A143,A152,A173,A191,A201,1
18,1950,108.33333333333333,34,4,1,2,1,3,2,5,1,A32,A93,A101,A123,A142,A152,A173,A192,A201,1
24,2924,121.83333333333333,63,3,4,1,2,0,1,1,2,A32,A93,A103,A124,A141,A152,A173,A192,A201,1
24,1659,69.125,29,4,2,1,1,0,0,0,2,A33,A92,A101,A123,A143,A151,A172,A192,A201,2
48,7238,150.79166666666666,32,3,3,2,2,5,2,7,2,A33,A93,A101,A123,A141,A152,A173,A191,A201,1
33,2764,83.75757575757575,26,2,2,2,1,3,1,4,1,A33,A92,A101,A123,A143,A152,A173,A192,A201,1
24,4679,194.95833333333334,35,3,3,2,1,3,2,5,2,A33,A93,A101,A123,A143,A152,A172,A192,A201,1
24,3092,128.83333333333334,22,3,2,1,1,2,0,2,2,A32,A94,A101,A123,A143,A151,A173,A192,A201,2
6,448,74.66666666666667,23,4,4,1,1,0,0,0,0,A32,A92,A101,A122,A143,A152,A173,A191,A201,2
9,654,72.66666666666667,28,4,3,1,1,0,1,1,0,A32,A93,A101,A123,A143,A152,A172,A191,A201,2
6,1238,206.33333333333334,36,4,4,1,2,5,0,5,3,A32,A93,A101,A122,A143,A152,A174,A192,A201,1
18,1245,69.16666666666667,33,4,2,1,1,1,1,2,2,A34,A94,A101,A123,A143,A152,A173,A191,A201,2
18,3114,173.0,26,1,4,1,1,0,0,0,1,A30,A92,A101,A122,A143,A151,A173,A191,A201,2
39,2569,65.87179487179488,24,4,4,1,1,5,1,6,2,A32,A93,A101,A123,A143,A152,A173,A191,A201,1
24,5152,214.66666666666666,25,4,2,1,1,2,2,4,2,A32,A93,A101,A123,A141,A152,A173,A191,A201,1
12,1037,86.41666666666667,39,3,4,1,1,2,2,4,1,A32,A93,A101,A121,A143,A152,A172,A191,A201,1
15,1478,98.53333333333333,44,4,4,2,2,0,2,2,1,A34,A93,A101,A123,A143,A152,A173,A192,A201,1
12,3573,297.75,23,1,1,1,1,1,1,2,2,A34,A92,A101,A121,A143,A152,A172,A191,A201,1
24,1201,50.041666666666664,26,4,1,1,1,1,0,1,0,A32,A93,A101,A122,A143,A152,A173,A191,A201,1
30,3622,120.73333333333333,57,4,4,2,1,3,2,5,1,A32,A92,A101,A122,A143,A151,A173,A192,A201,1
15,960,64.0,30,3,2,2,1,6,2,8,1,A33,A92,A101,A122,A143,A152,A173,A191,A201,1
12,1163,96.91666666666667,44,4,4,1,1,5,1,6,0,A34,A93,A101,A121,A143,A152,A173,A192,A201,1
6,1209,201.5,47,4,4,1,1,1,0,1,0,A33,A93,A101,A122,A143,A152,A174,A192,A201,2
12,3077,256.4166666666667,52,2,4,1,1,3,1,4,2,A32,A93,A101,A123,A143,A152,A173,A192,A201,1
24,3757,156.54166666666666,62,4,4,1,1,3,2,5,0,A32,A92,A102,A124,A143,A153,A173,A192,A201,1
10,1418,141.8,35,3,2,1,1,4,1,5,0,A32,A93,A101,A121,A143,A151,A172,A191,A202,1
6,3518,586.3333333333334,26,2,3,1,1,3,1,4,0,A32,A93,A103,A122,A143,A151,A173,A191,A201,1
12,1934,161.16666666666666,26,2,2,2,1,3,2,5,2,A34,A93,A101,A124,A143,A152,A173,A191,A201,1
27,8318,308.0740740740741,42,2,4,2,1,1,2,3,1,A30,A92,A101,A124,A143,A153,A174,A192,A201,2
6,1237,206.16666666666666,27,1,1,2,1,4,1,5,2,A34,A92,A101,A122,A143,A152,A173,A191,A201,1
6,368,61.333333333333336,38,4,4,1,1,3,2,5,2,A32,A93,A101,A122,A143,A152,A173,A191,A201,1
12,2122,176.83333333333334,39,3,2,2,2,0,1,1,0,A34,A93,A101,A121,A143,A151,A172,A191,A202,1
24,2996,124.83333333333333,20,2,4,1,1,2,1,3,1,A32,A94,A101,A123,A143,A152,A173,A191,A201,2
36,9034,250.94444444444446,29,4,1,1,1,2,0,2,1,A32,A93,A102,A124,A143,A151,A174,A192,A201,2
24,1585,66.04166666666667,40,4,3,2,1,3,2,5,1,A34,A93,A101,A122,A143,A152,A173,A191,A201,1
18,1301,72.27777777777777,32,4,2,1,1,1,2,3,2,A32,A94,A103,A121,A143,A152,A172,A191,A201,1
6,1323,220.5,28,2,4,2,2,3,2,5,0,A34,A91,A101,A123,A143,A152,A173,A192,A201,1
24,3123,130.125,27,4,1,1,1,0,0,0,0,A32,A92,A101,A122,A143,A152,A173,A191,A201,2
36,5493,152.58333333333334,42,2,4,1,2,0,2,2,2,A32,A93,A101,A124,A143,A153,A173,A191,A201,1
9,1126,125.11111111111111,49,2,4,1,1,3,2,5,2,A32,A91,A101,A121,A143,A152,A173,A191,A201,1
24,1216,50.666666666666664,38,4,4,2,2,2,0,2,2,A34,A93,A101,A124,A141,A152,A173,A191,A201,2
24,1207,50.291666666666664,24,4,4,1,1,0,0,0,0,A32,A92,A101,A122,A143,A151,A173,A191,A201,2
10,1309,130.9,27,4,4,1,1,5,1,6,0,A32,A93,A103,A122,A143,A152,A172,A191,A201,2
15,2360,157.33333333333334,36,2,2,1,1,4,1,5,2,A34,A93,A101,A123,A143,A152,A173,A192,A201,1
15,6850,456.6666666666667,34,1,2,1,2,2,0,2,0,A31,A93,A101,A122,A143,A152,A174,A192,A201,2
24,1413,58.875,28,4,2,1,1,3,1,4,2,A32,A94,A101,A122,A143,A152,A173,A191,A201,1
39,8588,220.2051282051282,45,4,2,1,1,4,2,6,2,A32,A93,A101,A123,A143,A152,A174,A192,A201,1
12,759,63.25,26,4,2,1,1,0,2,2,0,A32,A93,A101,A121,A143,A152,A173,A191,A201,2
36,4686,130.16666666666666,32,2,2,1,1,3,1,4,2,A32,A93,A101,A124,A143,A153,A174,A192,A201,1
15,2687,179.13333333333333,26,2,4,1,1,2,2,4,1,A32,A93,A101,A122,A143,A151,A173,A192,A201,1
12,585,48.75,20,4,4,2,1,1,1,2,2,A33,A94,A102,A121,A143,A151,A173,A191,A201,1
24,2255,93.95833333333333,54,4,1,1,1,5,0,5,0,A32,A93,A101,A122,A143,A152,A173,A191,A201,1
6,609,101.5,37,4,3,2,1,0,2,2,0,A34,A92,A101,A122,A143,A152,A173,A191,A202,1
6,1361,226.83333333333334,40,2,4,1,2,0,0,0,0,A34,A93,A101,A121,A143,A152,A172,A191,A202,1
36,7127,197.97222222222223,23,2,4,2,1,3,0,3,1,A34,A92,A101,A122,A143,A151,A173,A192,A201,2
6,1203,200.5,43,3,2,1,1,1,2,3,0,A32,A93,A101,A122,A143,A152,A173,A192,A201,1
6,700,116.66666666666667,36,4,4,2,1,5,2,7,2,A34,A93,A101,A124,A143,A153,A173,A191,A201,1
24,5507,229.45833333333334,44,3,4,2,1,3,2,5,1,A34,A93,A101,A124,A143,A153,A173,A191,A201,1
18,3190,177.22222222222223,24,2,2,1,1,0,1,1,2,A32,A92,A101,A121,A143,A152,A173,A191,A201,2
48,7119,148.3125,53,3,4,2,2,0,1,1,1,A30,A93,A101,A124,A143,A153,A173,A191,A201,2
24,3488,145.33333333333334,23,3,4,1,1,4,2,6,2,A32,A92,A101,A123,A143,A152,A173,A191,A201,1
18,1113,61.833333333333336,26,4,4,1,2,1,1,2,2,A32,A92,A103,A121,A143,A152,A172,A191,A201,1
26,7966,306.38461538461536,30,2,3,2,1,1,0,1,2,A32,A93,A101,A123,A143,A152,A173,A191,A201,1
15,1532,102.13333333333334,31,4,3,1,1,4,1,5,0,A34,A92,A101,A123,A143,A152,A173,A191,A201,1
4,1503,375.75,42,2,1,2,2,3,2,5,2,A34,A93,A101,A121,A143,A152,A172,A191,A201,1
36,2302,63.94444444444444,31,4,4,1,1,0,1,1,2,A32,A91,A101,A123,A143,A151,A173,A191,A201,2
6,662,110.33333333333333,41,3,4,1,2,0,0,0,0,A32,A93,A101,A121,A143,A152,A172,A192,A201,1
36,2273,63.138888888888886,32,3,1,2,2,1,2,3,0,A32,A93,A101,A123,A143,A152,A173,A191,A201,1
15,2631,175.4,28,2,4,2,1,2,1,3,0,A32,A92,A101,A123,A143,A151,A173,A192,A201,2
12,1503,125.25,41,4,4,1,1,3,1,4,2,A33,A94,A101,A121,A143,A151,A173,A191,A201,1
24,1311,54.625,26,4,3,1,1,4,2,6,2,A32,A94,A101,A122,A143,A152,A173,A192,A201,1
24,3105,129.375,25,4,2,2,1,5,0,5,2,A32,A93,A101,A123,A143,A152,A173,A191,A201,1
21,2319,110.42857142857143,33,2,1,1,1,2,0,2,0,A34,A91,A101,A123,A143,A151,A173,A191,A201,2
6,1374,229.0,75,4,3,1,1,2,0,2,0,A32,A92,A101,A122,A143,A152,A174,A192,A201,1
18,3612,200.66666666666666,37,3,4,1,1,1,2,3,1,A34,A92,A101,A122,A143,A152,A173,A192,A201,1
48,7763,161.72916666666666,42,4,4,1,1,0,2,2,0,A32,A93,A101,A124,A141,A153,A174,A191,A201,2
18,3049,169.38888888888889,45,1,1,1,1,2,0,2,1,A32,A92,A101,A122,A142,A152,A172,A191,A201,1
12,1534,127.83333333333333,23,1,1,1,1,1,0,1,2,A32,A94,A101,A121,A143,A151,A173,A191,A201,2
24,2032,84.66666666666667,60,4,4,2,1,3,2,5,0,A33,A93,A101,A124,A143,A153,A173,A192,A201,1
30,6350,211.66666666666666,31,4,4,1,1,2,2,4,1,A32,A93,A101,A122,A143,A152,A173,A191,A201,2
18,2864,159.11111111111111,34,2,1,1,2,2,1,3,1,A32,A93,A101,A121,A143,A152,A172,A191,A201,2
12,1255,104.58333333333333,61,4,4,2,1,3,2,5,0,A34,A93,A101,A121,A143,A152,A172,A191,A201,1
24,1333,55.541666666666664,43,4,2,2,2,0,0,0,0,A33,A93,A101,A121,A143,A153,A173,A191,A201,2
24,2022,84.25,37,4,4,1,1,3,1,4,0,A34,A92,A101,A123,A143,A152,A173,A192,A201,1
24,1552,64.66666666666667,32,3,1,1,2,3,2,5,2,A32,A93,A101,A123,A141,A152,A173,A191,A201,1
12,626,52.166666666666664,24,4,4,1,1,0,1,1,2,A31,A92,A101,A121,A141,A152,A172,A191,A201,2
48,8858,184.54166666666666,35,2,1,2,1,5,2,7,2,A34,A93,A101,A124,A143,A153,A173,A192,A201,1
12,996,83.0,23,4,4,2,1,5,2,7,1,A34,A92,A101,A121,A143,A152,A173,A191,A201,1
6,1750,291.6666666666667,45,2,4,1,2,5,2,7,2,A31,A93,A101,A122,A141,A152,A172,A191,A201,1
48,6999,145.8125,34,1,1,2,1,0,2,2,2,A32,A94,A103,A121,A143,A152,A173,A192,A201,2
12,1995,166.25,27,4,1,1,1,2,0,2,0,A34,A93,A101,A123,A143,A152,A173,A191,A201,1
9,1199,133.22222222222223,67,4,4,2,1,1,2,3,0,A32,A92,A101,A122,A143,A152,A174,A192,A201,1
12,1331,110.91666666666667,22,2,1,1,1,1,0,1,2,A32,A93,A101,A123,A142,A152,A173,A191,A201,2
18,2278,126.55555555555556,28,3,3,2,1,2,0,2,0,A30,A92,A101,A123,A143,A152,A173,A191,A201,2
21,5003,238.23809523809524,29,1,4,2,1,5,1,6,0,A30,A92,A101,A122,A141,A152,A173,A192,A201,2
24,3552,148.0,27,3,4,1,1,0,2,2,1,A31,A93,A101,A123,A141,A152,A173,A191,A201,2
18,1928,107.11111111111111,31,2,2,2,1,1,0,1,1,A34,A93,A101,A121,A143,A152,A172,A191,A201,2
24,2964,123.5,49,4,4,1,2,2,2,4,2,A32,A93,A101,A124,A141,A153,A173,A192,A201,1
24,1546,64.41666666666667,24,4,4,1,1,0,2,2,2,A31,A93,A103,A123,A141,A151,A172,A191,A201,2
6,683,113.83333333333333,29,2,1,1,1,2,0,2,2,A33,A92,A101,A122,A141,A152,A173,A191,A201,1
36,12389,344.1388888888889,37,1,4,1,1,3,1,4,0,A32,A93,A101,A124,A143,A153,A173,A192,A201,2
24,4712,196.33333333333334,37,4,2,2,1,3,1,4,1,A33,A93,A101,A122,A141,A152,A174,A192,A201,1
24,1553,64.70833333333333,23,3,2,2,1,2,2,4,2,A33,A92,A101,A122,A143,A151,A173,A192,A201,1
12,1372,114.33333333333333,36,2,3,1,1,0,2,2,0,A32,A91,A101,A123,A143,A152,A173,A191,A201,2
24,2578,107.41666666666667,34,2,2,1,1,6,2,8,2,A34,A93,A101,A123,A143,A152,A173,A191,A201,1
48,3979,82.89583333333333,41,4,1,2,2,3,2,5,2,A32,A93,A101,A123,A143,A152,A173,A192,A201,1
48,6758,140.79166666666666,31,3,2,1,1,0,1,1,2,A32,A92,A101,A123,A143,A152,A173,A192,A201,2
24,3234,134.75,23,4,4,1,1,0,0,0,1,A32,A92,A101,A121,A143,A151,A172,A192,A201,2
30,5954,198.46666666666667,38,3,2,1,1,3,2,5,2,A34,A93,A102,A123,A143,A152,A173,A191,A201,1
24,5433,226.375,26,2,4,1,1,5,0,5,2,A32,A92,A101,A122,A143,A151,A174,A192,A201,1
15,806,53.733333333333334,22,4,4,1,1,0,1,1,1,A32,A92,A101,A122,A143,A152,A172,A191,A201,1
9,1082,120.22222222222223,27,4,4,2,1,1,2,3,2,A32,A93,A101,A123,A143,A152,A172,A191,A201,1
15,2788,185.86666666666667,24,2,3,2,1,3,2,5,1,A34,A92,A102,A123,A141,A152,A173,A191,A201,1
12,2930,244.16666666666666,27,2,1,1,1,1,2,3,2,A32,A92,A101,A121,A143,A152,A173,A191,A201,1
24,1927,80.29166666666667,33,3,2,2,1,5,1,6,0,A34,A92,A101,A123,A143,A152,A173,A192,A201,1
36,2820,78.33333333333333,27,4,4,2,1,1,0,1,0,A34,A91,A101,A123,A143,A152,A173,A191,A201,2
24,937,39.041666666666664,27,4,3,2,1,3,0,3,3,A32,A94,A101,A123,A143,A152,A172,A191,A201,1
18,1056,58.666666666666664,30,3,3,2,1,1,2,3,0,A34,A93,A103,A121,A141,A152,A173,A191,A201,2
12,3124,260.3333333333333,49,1,3,2,2,1,0,1,0,A34,A93,A101,A121,A141,A152,A172,A191,A201,1
9,1388,154.22222222222223,26,4,2,1,1,3,1,4,1,A32,A92,A101,A121,A143,A151,A173,A191,A201,1
36,2384,66.22222222222223,33,4,1,1,1,1,0,1,1,A32,A93,A101,A124,A143,A151,A172,A191,A201,2
12,2133,177.75,52,4,4,1,1,5,2,7,0,A32,A92,A101,A124,A143,A153,A174,A192,A201,1
18,2039,113.27777777777777,20,1,4,1,1,0,1,1,1,A32,A92,A101,A121,A141,A151,A173,A191,A201,2
9,2799,311.0,36,2,2,2,2,0,1,1,0,A34,A93,A101,A121,A143,A151,A173,A191,A201,1
12,1289,107.41666666666667,21,4,1,1,1,0,1,1,1,A32,A93,A103,A122,A143,A152,A172,A191,A201,1
18,1217,67.61111111111111,47,4,3,1,1,0,1,1,1,A32,A94,A101,A121,A143,A152,A172,A192,A201,2
12,2246,187.16666666666666,60,3,3,2,1,0,2,2,1,A34,A93,A101,A122,A143,A152,A173,A191,A201,2
12,385,32.083333333333336,58,4,3,4,1,0,2,2,2,A34,A92,A101,A121,A143,A152,A172,A192,A201,1
24,1965,81.875,42,4,4,2,1,3,1,4,0,A33,A92,A101,A123,A143,A151,A173,A192,A201,1
21,1572,74.85714285714286,36,4,4,1,1,6,2,8,1,A32,A92,A101,A121,A141,A152,A172,A191,A201,1
24,2718,113.25,20,3,4,1,1,1,1,2,0,A32,A92,A101,A122,A143,A151,A172,A192,A201,2
24,1358,56.583333333333336,40,4,3,1,1,2,2,4,0,A31,A93,A101,A123,A142,A152,A174,A192,A201,2
6,931,155.16666666666666,32,1,1,1,1,2,0,2,0,A31,A92,A101,A122,A142,A152,A172,A191,A201,2
24,1442,60.083333333333336,23,4,4,2,1,0,2,2,0,A32,A92,A101,A123,A143,A151,A173,A191,A201,2
24,4241,176.70833333333334,36,1,4,3,1,1,1,2,1,A30,A93,A101,A121,A143,A152,A172,A192,A201,2
18,2775,154.16666666666666,31,2,2,2,1,3,2,5,0,A34,A93,A101,A122,A141,A152,A173,A191,A201,2
24,3863,160.95833333333334,32,1,2,1,1,3,1,4,1,A33,A93,A101,A124,A143,A153,A173,A191,A201,1
7,2329,332.7142857142857,45,1,1,1,1,1,0,1,2,A32,A92,A103,A121,A143,A152,A173,A191,A201,1
9,918,102.0,30,4,1,1,1,1,1,2,1,A32,A92,A101,A122,A143,A152,A173,A191,A201,2
24,1837,76.54166666666667,34,4,4,1,1,1,2,3,0,A31,A92,A101,A124,A141,A153,A172,A191,A201,2
36,3349,93.02777777777777,28,4,2,1,1,3,1,4,1,A32,A92,A101,A123,A143,A152,A174,A192,A201,2
10,1275,127.5,23,4,2,1,1,2,0,2,1,A32,A92,A101,A122,A143,A152,A173,A191,A201,1
24,2828,117.83333333333333,22,4,4,1,1,2,1,3,1,A31,A93,A101,A121,A142,A152,A173,A192,A201,1
24,4526,188.58333333333334,74,3,2,1,1,3,1,4,1,A34,A93,A101,A121,A143,A152,A174,A192,A201,1
36,2671,74.19444444444444,50,4,4,1,1,2,1,3,2,A32,A92,A102,A124,A143,A153,A173,A191,A201,2
18,2051,113.94444444444444,33,4,1,1,1,3,0,3,2,A32,A93,A101,A121,A143,A152,A173,A191,A201,1
15,1300,86.66666666666667,45,4,4,1,2,5,2,7,2,A32,A93,A101,A124,A141,A153,A173,A191,A201,1
12,741,61.75,22,4,3,1,1,1,0,1,1,A32,A92,A101,A122,A143,A152,A173,A191,A201,2
10,1240,124.0,48,1,4,1,2,3,2,5,0,A32,A92,A101,A124,A143,A153,A172,A191,A201,2
21,3357,159.85714285714286,29,4,2,1,1,3,0,3,2,A32,A92,A101,A123,A141,A152,A173,A191,A201,1
24,3632,151.33333333333334,22,1,4,1,1,0,1,1,2,A31,A92,A103,A123,A141,A151,A173,A191,A202,1
18,1808,100.44444444444444,22,4,1,1,1,3,2,5,1,A33,A92,A101,A121,A143,A152,A173,A191,A201,2
48,12204,254.25,48,2,2,1,1,3,1,4,1,A30,A93,A101,A123,A141,A152,A174,A192,A201,1
60,9157,152.61666666666667,27,2,2,1,1,3,1,4,2,A33,A93,A101,A124,A143,A153,A174,A191,A201,1
6,3676,612.6666666666666,37,1,3,3,2,0,1,1,0,A34,A93,A101,A121,A143,A151,A173,A191,A201,1
30,3441,114.7,21,2,4,1,1,2,1,3,1,A32,A92,A102,A123,A143,A151,A173,A191,A201,2
12,640,53.333333333333336,49,4,2,1,1,3,1,4,0,A32,A91,A101,A121,A143,A152,A172,A191,A201,1
21,3652,173.9047619047619,27,2,3,2,1,1,2,3,1,A34,A93,A101,A122,A143,A152,A173,A191,A201,1
18,1530,85.0,32,3,2,2,1,3,1,4,0,A34,A93,A101,A122,A141,A152,A173,A191,A201,2
48,3914,81.54166666666667,38,4,2,1,1,5,1,6,1,A32,A91,A101,A121,A141,A152,A173,A191,A201,2
12,1858,154.83333333333334,22,4,1,1,1,0,0,0,1,A32,A92,A101,A123,A143,A151,A173,A191,A201,1
18,2600,144.44444444444446,65,4,4,2,1,0,1,1,2,A32,A93,A101,A124,A143,A153,A173,A191,A201,2
15,1979,131.93333333333334,35,4,2,1,1,5,2,7,2,A32,A93,A101,A123,A143,A152,A173,A191,A201,1
6,2116,352.6666666666667,41,2,2,1,1,2,1,3,1,A32,A93,A101,A121,A143,A152,A173,A192,A201,1
9,1437,159.66666666666666,29,2,3,1,1,2,2,4,0,A31,A93,A101,A124,A143,A152,A173,A191,A201,2
42,4042,96.23809523809524,36,4,4,2,1,5,1,6,1,A34,A93,A101,A121,A143,A152,A173,A192,A201,1
9,3832,425.77777777777777,64,1,4,1,1,5,2,7,0,A32,A93,A101,A121,A143,A152,A172,A191,A201,1
24,3660,152.5,28,2,4,1,1,0,1,1,2,A32,A92,A101,A123,A143,A152,A173,A191,A201,1
18,1553,86.27777777777777,44,4,3,1,1,0,1,1,1,A31,A93,A101,A123,A141,A152,A173,A191,A201,2
15,1444,96.26666666666667,23,4,1,1,1,3,0,3,2,A32,A93,A101,A122,A143,A152,A173,A191,A201,1
9,1980,220.0,19,2,2,2,1,3,0,3,1,A32,A92,A102,A123,A143,A151,A173,A191,A201,2
24,1355,56.458333333333336,25,3,4,1,1,1,0,1,0,A32,A92,A101,A123,A143,A152,A172,A192,A201,2
12,1393,116.08333333333333,47,4,4,3,2,3,2,5,0,A32,A93,A101,A122,A141,A152,A173,A192,A201,1
24,1376,57.333333333333336,28,4,1,1,1,5,2,7,2,A32,A92,A101,A123,A143,A152,A173,A191,A201,1
60,15653,260.8833333333333,21,2,4,2,1,3,2,5,2,A33,A93,A101,A123,A143,A152,A173,A192,A201,1
12,1493,124.41666666666667,34,4,3,1,2,3,0,3,2,A32,A92,A101,A123,A143,A152,A173,A191,A201,1
42,4370,104.04761904761905,26,3,2,2,2,0,2,2,2,A33,A93,A101,A122,A141,A152,A173,A192,A201,2
18,750,41.666666666666664,27,4,1,1,1,0,0,0,0,A32,A92,A101,A121,A143,A152,A171,A191,A201,2
15,1308,87.2,38,4,4,2,1,1,2,3,1,A32,A93,A101,A123,A143,A152,A172,A191,A201,1
15,4623,308.2,40,3,2,1,1,4,1,5,0,A32,A93,A101,A122,A143,A152,A174,A192,A201,2
24,1851,77.125,33,4,2,2,1,3,2,5,2,A34,A94,A103,A123,A143,A152,A173,A192,A201,1
18,1880,104.44444444444444,32,4,1,2,1,0,2,2,2,A34,A94,A101,A122,A143,A152,A174,A192,A201,1
36,7980,221.66666666666666,27,4,4,2,1,5,0,5,1,A33,A93,A101,A123,A143,A151,A173,A192,A201,2
30,4583,152.76666666666668,32,2,2,2,1,0,1,1,1,A30,A91,A103,A121,A143,A152,A173,A191,A201,1
12,1386,115.5,26,2,2,1,1,5,1,6,0,A32,A92,A101,A122,A143,A152,A173,A191,A201,2
24,947,39.458333333333336,38,4,3,1,2,2,2,4,0,A32,A93,A101,A124,A141,A153,A173,A191,A201,2
12,684,57.0,40,4,4,1,2,0,1,1,0,A32,A93,A101,A123,A143,A151,A172,A191,A201,2
48,7476,155.75,50,4,1,1,1,0,2,2,0,A32,A93,A101,A124,A143,A153,A174,A192,A201,1
12,1922,160.16666666666666,37,4,2,1,1,1,1,2,1,A32,A93,A101,A122,A143,A152,A172,A191,A201,2
24,2303,95.95833333333333,45,4,1,1,1,0,2,2,0,A32,A93,A102,A121,A143,A152,A173,A191,A201,2
36,8086,224.61111111111111,42,2,4,4,1,2,2,4,0,A33,A93,A101,A123,A143,A152,A174,A192,A201,2
24,2346,97.75,35,4,3,2,1,3,2,5,2,A34,A93,A101,A123,A143,A152,A173,A192,A201,1
14,3973,283.7857142857143,22,1,4,1,1,0,0,0,0,A32,A93,A101,A124,A143,A153,A173,A191,A201,1
12,888,74.0,41,4,4,1,2,1,2,3,0,A32,A93,A101,A123,A141,A152,A172,A191,A201,2
48,10222,212.95833333333334,37,4,3,1,1,5,2,7,2,A32,A93,A101,A123,A142,A152,A173,A192,A201,1
30,4221,140.7,28,2,1,2,1,1,1,2,1,A30,A92,A101,A123,A143,A152,A173,A191,A201,1
18,6361,353.3888888888889,41,2,1,1,1,1,2,3,1,A34,A93,A101,A124,A143,A152,A173,A192,A201,1
12,1297,108.08333333333333,23,3,4,1,1,2,1,3,2,A32,A94,A101,A121,A143,A151,A173,A191,A201,1
12,900,75.0,23,4,2,1,1,2,1,3,0,A32,A94,A101,A123,A143,A152,A173,A191,A201,2
21,2241,106.71428571428571,50,4,2,2,1,3,2,5,1,A32,A93,A101,A121,A143,A152,A173,A191,A201,1
6,1050,175.0,35,4,1,2,1,1,0,1,1,A33,A93,A101,A122,A142,A152,A174,A192,A201,1
6,1047,174.5,50,2,4,1,1,2,1,3,0,A34,A92,A101,A122,A143,A152,A172,A191,A201,1
24,6314,263.0833333333333,27,4,2,2,1,3,0,3,0,A34,A93,A102,A124,A141,A152,A174,A192,A201,1
30,3496,116.53333333333333,34,4,2,1,2,4,1,5,1,A31,A93,A101,A123,A142,A152,A173,A192,A201,1
48,3609,75.1875,27,1,1,1,1,3,1,4,1,A31,A92,A101,A121,A142,A152,A173,A191,A201,1
12,4843,403.5833333333333,43,3,4,2,1,0,2,2,0,A34,A93,A102,A122,A143,A151,A173,A192,A201,2
30,3017,100.56666666666666,47,4,4,1,1,2,2,4,2,A34,A93,A101,A122,A143,A152,A173,A191,A201,1
24,4139,172.45833333333334,27,3,3,2,1,4,1,5,1,A34,A93,A101,A122,A143,A152,A172,A192,A201,1
36,5742,159.5,31,2,2,2,1,4,2,6,1,A32,A93,A101,A123,A143,A152,A173,A192,A201,1
60,10366,172.76666666666668,42,2,4,1,1,3,2,5,0,A32,A93,A101,A122,A143,A152,A174,A192,A201,1
6,2080,346.6666666666667,24,1,2,1,1,5,1,6,0,A34,A94,A101,A123,A143,A152,A173,A191,A201,1
21,2580,122.85714285714286,41,4,2,1,2,5,0,5,1,A33,A93,A101,A121,A141,A152,A172,A191,A201,2
30,4530,151.0,26,4,4,1,1,3,2,5,2,A34,A92,A101,A123,A143,A151,A174,A192,A201,1
24,5150,214.58333333333334,33,4,4,1,1,3,2,5,1,A34,A93,A101,A123,A143,A152,A173,A192,A201,1
72,5595,77.70833333333333,24,2,2,1,1,2,1,3,2,A32,A94,A101,A123,A143,A152,A173,A191,A201,2
24,2384,99.33333333333333,64,4,4,1,1,0,2,2,2,A32,A93,A101,A121,A141,A151,A172,A191,A201,1
18,1453,80.72222222222223,26,3,1,1,1,3,0,3,2,A32,A92,A101,A121,A143,A152,A173,A191,A201,1
6,1538,256.3333333333333,56,1,2,1,1,3,0,3,0,A32,A92,A101,A124,A143,A152,A173,A191,A201,1
12,2279,189.91666666666666,37,4,4,1,1,5,1,6,2,A32,A93,A101,A124,A143,A153,A173,A192,A201,1
15,1478,98.53333333333333,33,4,3,2,1,3,1,4,2,A33,A94,A101,A121,A141,A152,A173,A191,A201,1
24,5103,212.625,47,3,3,3,1,3,0,3,2,A34,A94,A101,A124,A143,A153,A173,A192,A201,1
36,9857,273.80555555555554,31,1,3,2,2,2,2,4,1,A33,A93,A101,A122,A143,A152,A172,A192,A201,1
60,6527,108.78333333333333,34,4,4,1,2,5,1,6,0,A32,A93,A101,A124,A143,A153,A173,A192,A201,1
10,1347,134.7,27,4,2,2,1,4,2,6,2,A34,A93,A101,A122,A143,A152,A173,A192,A201,1
36,2862,79.5,30,4,3,1,1,2,2,4,0,A33,A93,A101,A124,A143,A153,A173,A191,A201,1
9,2753,305.8888888888889,35,3,4,1,1,4,2,6,2,A32,A93,A102,A123,A143,A152,A173,A192,A201,1
12,3651,304.25,31,1,3,1,2,3,1,4,0,A32,A93,A101,A122,A143,A152,A173,A191,A201,1
15,975,65.0,25,2,3,2,1,0,1,1,1,A34,A91,A101,A122,A143,A152,A173,A191,A201,1
15,2631,175.4,25,3,2,1,1,2,1,3,1,A32,A92,A101,A121,A143,A152,A172,A191,A201,1
24,2896,120.66666666666667,29,2,1,1,1,2,0,2,2,A32,A93,A101,A123,A143,A152,A173,A191,A201,1
6,4716,786.0,44,1,3,2,2,2,0,2,0,A34,A93,A101,A121,A143,A152,A172,A191,A201,1
24,2284,95.16666666666667,28,4,2,1,1,3,2,5,2,A32,A93,A101,A123,A143,A152,A173,A192,A201,1
6,1236,206.0,50,2,4,1,1,5,1,6,2,A32,A93,A101,A122,A143,A151,A173,A191,A201,1
12,1103,91.91666666666667,29,4,3,2,1,1,2,3,2,A32,A93,A103,A121,A143,A152,A173,A191,A202,1
12,926,77.16666666666667,38,1,2,1,1,3,0,3,0,A34,A92,A101,A122,A143,A152,A171,A191,A201,1
18,1800,100.0,24,4,2,2,1,3,1,4,2,A34,A93,A101,A123,A143,A152,A173,A191,A201,1
15,1905,127.0,40,4,4,1,1,2,2,4,0,A32,A93,A101,A123,A143,A151,A174,A192,A201,1
12,1123,93.58333333333333,29,4,4,1,1,5,1,6,1,A32,A92,A101,A123,A143,A151,A172,A191,A201,2
48,6331,131.89583333333334,46,4,4,2,1,0,2,2,2,A34,A93,A101,A124,A143,A153,A173,A192,A201,2
24,1377,57.375,47,4,2,1,1,3,2,5,2,A32,A92,A101,A124,A143,A153,A173,A192,A201,1
30,2503,83.43333333333334,41,4,2,2,1,2,2,4,1,A33,A93,A101,A122,A142,A152,A173,A191,A201,1
27,2528,93.62962962962963,32,4,1,1,2,1,0,1,1,A32,A92,A101,A122,A143,A152,A173,A192,A201,1
15,5324,354.93333333333334,35,1,4,1,1,5,2,7,0,A32,A92,A101,A124,A143,A153,A173,A191,A201,1
48,6560,136.66666666666666,24,3,2,1,1,2,2,4,0,A32,A93,A101,A122,A143,A152,A173,A191,A201,2
12,2969,247.41666666666666,25,4,3,2,1,1,0,1,1,A30,A92,A101,A122,A143,A151,A173,A191,A201,2
9,1206,134.0,25,4,4,1,1,1,2,3,2,A32,A92,A101,A121,A143,A152,A173,A191,A201,1
9,2118,235.33333333333334,37,2,2,1,2,1,1,2,2,A32,A93,A101,A121,A143,A152,A172,A191,A201,1
18,629,34.94444444444444,32,4,3,2,1,5,2,7,2,A34,A93,A101,A122,A141,A152,A174,A192,A201,1
6,1198,199.66666666666666,35,4,4,1,1,0,2,2,0,A31,A92,A101,A124,A143,A153,A173,A191,A201,2
21,2476,117.9047619047619,46,4,4,1,1,5,2,7,2,A32,A93,A101,A121,A143,A152,A174,A192,A201,1
9,1138,126.44444444444444,25,4,4,2,1,0,1,1,2,A34,A93,A101,A121,A143,A152,A172,A191,A201,1
60,14027,233.78333333333333,27,4,2,1,1,1,2,3,0,A32,A93,A101,A124,A143,A152,A174,A192,A201,2
30,7596,253.2,63,1,4,2,1,5,2,7,2,A34,A93,A101,A123,A143,A152,A173,A191,A201,1
30,3077,102.56666666666666,40,3,2,2,2,5,2,7,2,A34,A93,A101,A123,A143,A152,A173,A192,A201,1
18,1505,83.61111111111111,32,4,2,1,1,3,1,4,2,A32,A93,A101,A124,A143,A153,A174,A192,A201,1
24,3148,131.16666666666666,31,3,2,2,1,4,1,5,2,A34,A93,A101,A123,A143,A152,A173,A192,A201,1
20,6148,307.4,31,3,4,2,1,2,2,4,2,A30,A94,A101,A123,A141,A152,A173,A192,A201,1
9,1337,148.55555555555554,34,4,2,2,1,2,0,2,2,A30,A93,A101,A123,A143,A152,A174,A192,A201,2
6,433,72.16666666666667,24,4,2,1,2,4,0,4,0,A31,A92,A101,A122,A141,A151,A173,A191,A201,2
12,1228,102.33333333333333,24,4,2,1,1,0,1,1,0,A32,A92,A101,A121,A143,A152,A172,A191,A201,2
9,790,87.77777777777777,66,4,3,1,1,3,1,4,2,A32,A92,A101,A121,A143,A152,A172,A191,A201,1
27,2570,95.18518518518519,21,3,3,1,1,3,1,4,0,A32,A92,A101,A121,A143,A151,A173,A191,A201,2
6,250,41.666666666666664,41,2,2,2,1,6,1,7,0,A34,A92,A101,A121,A141,A152,A172,A191,A201,1
15,1316,87.73333333333333,47,2,2,2,1,5,1,6,2,A34,A94,A101,A122,A143,A152,A172,A191,A201,1
18,1882,104.55555555555556,25,4,4,2,1,0,1,1,2,A32,A92,A101,A123,A141,A151,A173,A191,A201,2
48,6416,133.66666666666666,59,4,3,1,1,1,2,3,1,A31,A92,A101,A124,A143,A151,A173,A191,A201,2
24,1275,53.125,36,2,4,2,1,5,1,6,1,A34,A91,A101,A121,A143,A152,A173,A192,A201,1
24,6403,266.7916666666667,33,1,2,1,1,1,0,1,2,A33,A93,A101,A123,A143,A152,A173,A191,A201,1
24,1987,82.79166666666667,21,2,4,1,2,0,1,1,2,A32,A93,A101,A121,A143,A151,A172,A191,A201,2
8,760,95.0,44,4,2,1,1,1,2,3,2,A32,A92,A103,A121,A143,A152,A172,A191,A201,1
24,2603,108.45833333333333,28,2,4,1,1,6,1,7,2,A32,A92,A101,A123,A143,A151,A173,A192,A201,1
4,3380,845.0,37,1,1,1,2,3,2,5,0,A34,A92,A101,A121,A143,A152,A173,A191,A201,1
36,3990,110.83333333333333,29,3,2,1,1,3,0,3,1,A31,A92,A101,A124,A141,A152,A171,A191,A201,1
24,11560,481.6666666666667,23,1,4,2,1,1,1,2,2,A32,A92,A101,A123,A143,A151,A174,A191,A201,2
18,4380,243.33333333333334,35,3,4,1,2,1,1,2,0,A32,A93,A101,A123,A143,A152,A172,A192,A201,1
6,6761,1126.8333333333333,45,1,3,2,2,3,2,5,0,A34,A93,A101,A124,A143,A152,A174,A192,A201,1
30,4280,142.66666666666666,26,4,4,2,1,2,1,3,1,A30,A92,A101,A123,A143,A151,A172,A191,A201,2
24,2325,96.875,32,2,3,1,1,1,2,3,0,A31,A93,A101,A123,A141,A152,A173,A191,A201,1
10,1048,104.8,23,4,4,1,1,1,1,2,2,A31,A93,A101,A121,A142,A152,A172,A191,A201,1
21,3160,150.47619047619048,41,4,3,1,1,5,2,7,2,A32,A93,A101,A122,A143,A152,A173,A192,A201,1
24,2483,103.45833333333333,22,4,4,1,1,2,1,3,1,A31,A93,A101,A121,A142,A152,A173,A192,A201,1
39,14179,363.56410256410254,30,4,4,2,1,2,2,4,1,A34,A93,A101,A122,A143,A152,A174,A192,A201,1
13,1797,138.23076923076923,28,3,1,2,1,0,0,0,1,A34,A93,A101,A122,A141,A152,A172,A191,A201,1
15,2511,167.4,23,1,4,1,1,0,0,0,0,A32,A92,A101,A123,A143,A151,A173,A191,A201,1
12,1274,106.16666666666667,37,3,1,1,1,0,0,0,0,A32,A92,A101,A121,A143,A152,A172,A191,A201,2
21,5248,249.9047619047619,26,1,3,1,1,5,1,6,2,A32,A93,A101,A123,A143,A152,A173,A191,A201,1
15,3029,201.93333333333334,33,2,2,1,1,3,2,5,2,A32,A93,A101,A123,A143,A152,A173,A191,A201,1
6,428,71.33333333333333,49,2,1,1,1,0,2,2,1,A32,A92,A101,A122,A141,A152,A173,A192,A201,1
18,976,54.22222222222222,23,1,2,1,1,0,0,0,0,A32,A92,A101,A123,A143,A152,A172,A191,A201,2
12,841,70.08333333333333,23,2,4,1,1,2,2,4,1,A32,A92,A101,A121,A143,A151,A172,A191,A201,1
30,5771,192.36666666666667,25,4,2,2,1,3,2,5,2,A34,A92,A101,A123,A143,A152,A173,A191,A201,1
12,1555,129.58333333333334,55,4,4,2,2,6,2,8,1,A33,A93,A101,A124,A143,A153,A173,A191,A201,2
24,1285,53.541666666666664,32,4,4,1,1,2,2,4,0,A32,A92,A101,A124,A143,A151,A173,A191,A201,2
6,1299,216.5,74,1,1,3,2,2,1,3,0,A34,A93,A101,A121,A143,A152,A171,A191,A202,1
15,1271,84.73333333333333,39,3,4,2,1,4,1,5,2,A34,A93,A101,A124,A143,A153,A173,A192,A201,2
24,1393,58.041666666666664,31,2,2,1,1,3,1,4,0,A32,A93,A103,A121,A143,A152,A173,A192,A201,1
12,691,57.583333333333336,35,4,3,2,1,0,2,2,0,A34,A93,A101,A122,A143,A152,A173,A191,A201,2
15,5045,336.3333333333333,59,1,4,1,1,5,2,7,0,A34,A92,A101,A123,A143,A152,A173,A192,A201,1
18,2124,118.0,24,4,4,2,1,0,1,1,1,A34,A92,A101,A121,A143,A151,A173,A191,A201,2
12,2214,184.5,24,4,3,1,1,0,1,1,2,A32,A93,A101,A122,A143,A152,A172,A191,A201,1
21,12680,603.8095238095239,30,4,4,1,1,5,2,7,0,A34,A93,A101,A124,A143,A153,A174,A192,A201,2
24,2463,102.625,27,4,3,2,1,4,2,6,0,A34,A94,A101,A122,A143,A152,A173,A192,A201,1
12,1155,96.25,40,3,3,2,1,1,2,3,2,A32,A94,A103,A121,A141,A152,A172,A191,A201,1
30,3108,103.6,31,2,4,1,1,0,0,0,1,A32,A91,A101,A122,A143,A152,A172,A191,A201,2
10,2901,290.1,31,1,4,1,1,5,0,5,2,A32,A92,A101,A121,A143,A151,A173,A191,A201,1
12,3617,301.4166666666667,28,1,4,3,1,1,2,3,1,A34,A93,A101,A123,A143,A151,A173,A192,A201,1
12,1655,137.91666666666666,63,2,4,2,1,3,2,5,2,A34,A93,A101,A121,A143,A152,A172,A192,A201,1
24,2812,117.16666666666667,26,2,4,1,1,2,2,4,2,A32,A92,A101,A121,A143,A151,A173,A191,A201,1
36,8065,224.02777777777777,25,3,2,2,1,0,1,1,0,A34,A92,A101,A124,A143,A152,A174,A192,A201,2
21,3275,155.95238095238096,36,1,4,1,1,3,2,5,2,A34,A93,A101,A123,A143,A152,A174,A192,A201,1
24,2223,92.625,52,4,4,2,1,4,2,6,2,A34,A93,A101,A122,A141,A152,A173,A191,A201,1
12,1480,123.33333333333333,66,2,4,3,1,4,0,4,0,A34,A93,A101,A124,A141,A153,A171,A191,A201,1
24,1371,57.125,25,4,4,1,1,2,1,3,0,A32,A92,A101,A121,A143,A151,A173,A191,A201,2
36,3535,98.19444444444444,37,4,4,2,1,3,2,5,0,A34,A93,A101,A123,A143,A152,A173,A192,A201,1
18,3509,194.94444444444446,25,4,1,1,1,0,2,2,2,A32,A92,A103,A121,A143,A152,A173,A191,A201,1
36,5711,158.63888888888889,38,4,2,2,1,6,2,8,2,A34,A93,A101,A123,A143,A152,A174,A192,A201,1
18,3872,215.11111111111111,67,2,4,1,1,1,0,1,1,A32,A92,A101,A123,A143,A152,A173,A192,A201,1
39,4933,126.48717948717949,25,2,2,2,1,1,2,3,2,A34,A93,A103,A121,A143,A152,A173,A191,A201,2
24,1940,80.83333333333333,60,4,4,1,1,6,2,8,0,A34,A93,A101,A121,A143,A152,A173,A192,A201,1
12,1410,117.5,31,2,2,1,1,1,1,2,3,A30,A93,A101,A121,A143,A152,A172,A192,A201,1
12,836,69.66666666666667,23,4,2,1,1,2,0,2,0,A32,A92,A101,A122,A141,A152,A172,A191,A201,2
20,6468,323.4,60,1,4,1,1,3,0,3,2,A32,A91,A101,A121,A143,A152,A174,A192,A201,1
18,1941,107.83333333333333,35,4,2,1,1,4,1,5,1,A32,A93,A101,A122,A143,A152,A172,A192,A201,1
22,2675,121.5909090909091,40,3,4,1,1,5,2,7,2,A32,A93,A101,A123,A143,A152,A173,A191,A201,1
48,2751,57.3125,38,4,3,2,2,5,2,7,2,A34,A93,A101,A123,A143,A152,A173,A192,A201,1
48,6224,129.66666666666666,50,4,4,1,1,1,2,3,0,A33,A93,A101,A124,A143,A153,A173,A191,A201,2
40,5998,149.95,27,4,3,1,1,0,1,1,0,A34,A93,A101,A124,A141,A152,A173,A192,A201,2
21,1188,56.57142857142857,39,2,4,1,2,1,2,3,1,A32,A92,A101,A122,A143,A152,A173,A191,A201,2
24,6313,263.0416666666667,41,3,4,1,2,5,2,7,2,A32,A93,A101,A123,A143,A152,A174,A192,A201,1
6,1221,203.5,27,1,2,2,1,5,1,6,1,A34,A94,A101,A122,A143,A152,A173,A191,A201,1
24,2892,120.5,51,3,4,1,1,2,2,4,1,A32,A91,A101,A124,A143,A153,A173,A191,A201,1
24,3062,127.58333333333333,32,4,3,1,1,5,2,7,1,A32,A93,A101,A124,A143,A151,A173,A192,A201,1
9,2301,255.66666666666666,22,2,4,1,1,4,0,4,1,A32,A92,A101,A122,A143,A151,A173,A191,A201,1
18,7511,417.27777777777777,51,1,4,1,2,2,2,4,2,A32,A93,A101,A122,A143,A153,A173,A192,A201,2
12,1258,104.83333333333333,22,2,4,2,1,3,0,3,1,A34,A92,A101,A122,A143,A151,A172,A191,A201,1
24,717,29.875,54,4,4,2,1,5,2,7,0,A33,A94,A101,A123,A143,A152,A173,A192,A201,1
9,1549,172.11111111111111,35,4,2,1,1,3,0,3,0,A32,A93,A101,A121,A143,A152,A171,A191,A201,1
24,1597,66.54166666666667,54,4,4,2,2,3,2,5,0,A34,A93,A101,A124,A143,A153,A173,A191,A201,1
18,1795,99.72222222222223,48,3,4,2,1,1,2,3,2,A34,A92,A103,A121,A141,A151,A172,A192,A201,1
20,4272,213.6,24,1,4,2,1,0,2,2,1,A34,A92,A101,A122,A143,A152,A173,A191,A201,1
12,976,81.33333333333333,35,4,4,2,1,5,2,7,2,A34,A93,A101,A123,A143,A152,A173,A191,A201,1
12,7472,622.6666666666666,24,1,2,1,1,3,0,3,0,A32,A92,A101,A121,A143,A151,A171,A191,A201,1
36,9271,257.52777777777777,24,2,1,1,1,0,2,2,0,A32,A93,A101,A123,A143,A152,A173,A192,A201,2
6,590,98.33333333333333,26,3,3,1,1,1,0,1,2,A32,A94,A101,A121,A143,A152,A172,A191,A202,1
12,930,77.5,65,4,4,4,1,5,2,7,2,A34,A93,A101,A121,A143,A152,A173,A191,A201,1
42,9283,221.02380952380952,55,1,2,1,1,1,0,1,2,A31,A93,A101,A124,A141,A153,A174,A192,A201,1
15,1778,118.53333333333333,26,2,1,2,1,1,0,1,0,A30,A92,A101,A121,A143,A151,A171,A191,A201,2
8,907,113.375,26,3,2,1,1,1,0,1,1,A32,A94,A101,A121,A143,A152,A173,A192,A201,1
6,484,80.66666666666667,28,3,3,1,1,1,2,3,2,A32,A94,A103,A121,A141,A152,A172,A191,A201,1
36,9629,267.47222222222223,24,4,4,2,1,0,2,2,2,A34,A93,A101,A123,A143,A152,A173,A192,A201,2
48,3051,63.5625,54,3,4,1,1,0,1,1,1,A32,A93,A101,A123,A143,A152,A173,A191,A201,2
48,3931,81.89583333333333,46,4,4,1,2,0,2,2,0,A32,A93,A101,A124,A143,A153,A173,A191,A201,2
36,7432,206.44444444444446,54,2,2,1,1,1,1,2,0,A33,A92,A101,A122,A143,A151,A173,A191,A201,1
6,1338,223.0,62,1,4,1,1,5,1,6,1,A32,A91,A101,A121,A143,A152,A173,A191,A201,1
6,1554,259.0,24,1,2,2,1,3,2,5,2,A34,A92,A101,A123,A143,A151,A173,A192,A201,1
36,15857,440.47222222222223,43,2,3,1,1,0,0,0,0,A32,A91,A102,A123,A143,A152,A174,A191,A201,1
18,1345,74.72222222222223,26,4,3,1,1,0,1,1,2,A32,A94,A101,A121,A141,A152,A173,A191,A201,2
12,1101,91.75,27,3,2,2,1,3,1,4,0,A32,A94,A101,A121,A143,A152,A173,A192,A201,1
12,3016,251.33333333333334,24,3,1,1,1,2,1,3,2,A32,A94,A101,A123,A143,A152,A173,A191,A201,1
36,2712,75.33333333333333,41,2,2,1,2,0,2,2,1,A32,A93,A101,A122,A141,A152,A173,A191,A201,2
8,731,91.375,47,4,4,2,1,0,2,2,0,A34,A93,A101,A121,A143,A152,A172,A191,A201,1
18,3780,210.0,35,3,2,2,1,3,0,3,1,A34,A91,A101,A123,A143,A152,A174,A192,A201,1
21,1602,76.28571428571429,30,4,3,2,1,0,2,2,0,A34,A94,A101,A123,A143,A152,A173,A192,A201,1
18,3966,220.33333333333334,33,1,4,3,1,0,2,2,0,A34,A92,A101,A121,A141,A151,A173,A192,A201,2
18,4165,231.38888888888889,36,2,2,2,2,3,1,4,1,A30,A93,A101,A123,A142,A152,A173,A191,A201,2
36,8335,231.52777777777777,47,3,4,1,1,2,2,4,2,A32,A93,A101,A124,A143,A153,A173,A191,A201,2
48,6681,139.1875,38,4,4,1,2,3,1,4,1,A33,A93,A101,A124,A143,A153,A173,A192,A201,1
24,2375,98.95833333333333,44,4,2,2,2,5,1,6,1,A33,A93,A101,A123,A143,A152,A173,A192,A201,1
18,1216,67.55555555555556,23,4,3,1,1,0,0,0,0,A32,A92,A101,A123,A143,A151,A173,A192,A201,2
45,11816,262.5777777777778,29,2,4,2,1,0,2,2,1,A30,A93,A101,A123,A143,A151,A173,A191,A201,2
24,5084,211.83333333333334,42,2,4,1,1,3,2,5,2,A32,A92,A101,A123,A143,A152,A173,A192,A201,1
15,2327,155.13333333333333,25,2,3,1,1,2,0,2,2,A32,A92,A101,A121,A143,A152,A172,A191,A201,2
12,1082,90.16666666666667,48,4,4,2,1,0,1,1,0,A30,A93,A101,A123,A141,A152,A173,A191,A201,2
12,886,73.83333333333333,21,4,2,1,1,5,1,6,2,A32,A92,A101,A123,A143,A152,A173,A191,A201,1
4,601,150.25,23,1,3,1,2,3,0,3,1,A32,A92,A101,A121,A143,A151,A172,A191,A201,1
24,2957,123.20833333333333,63,4,4,2,1,0,2,2,2,A34,A93,A101,A122,A143,A152,A173,A192,A201,1
24,2611,108.79166666666667,46,4,3,2,1,3,2,5,2,A34,A94,A102,A121,A143,A152,A173,A191,A201,1
36,5179,143.86111111111111,29,4,2,1,1,0,2,2,1,A32,A93,A101,A122,A143,A152,A173,A191,A201,2
21,2993,142.52380952380952,28,3,2,2,1,3,1,4,2,A33,A93,A101,A121,A142,A152,A172,A191,A201,1
18,1943,107.94444444444444,23,4,4,1,1,3,0,3,1,A32,A92,A101,A121,A143,A152,A173,A191,A201,2
24,1559,64.95833333333333,50,4,4,1,1,3,2,5,1,A31,A93,A101,A123,A141,A152,A173,A192,A201,1
18,3422,190.11111111111111,47,4,4,3,2,3,2,5,1,A32,A93,A101,A122,A141,A152,A173,A192,A201,1
21,3976,189.33333333333334,35,2,3,1,1,3,2,5,1,A32,A93,A101,A123,A143,A152,A173,A192,A201,1
18,6761,375.6111111111111,68,2,4,2,1,5,1,6,0,A32,A93,A101,A123,A143,A151,A173,A191,A201,2
24,1249,52.041666666666664,28,4,2,1,1,3,0,3,0,A32,A94,A101,A121,A143,A152,A173,A191,A201,1
9,1364,151.55555555555554,59,3,4,1,1,0,2,2,2,A32,A93,A101,A121,A143,A152,A173,A191,A201,1
12,709,59.083333333333336,57,4,4,1,1,0,2,2,2,A32,A93,A101,A121,A142,A152,A172,A191,A201,2
20,2235,111.75,33,4,2,2,1,0,1,1,0,A34,A94,A103,A122,A141,A151,A173,A191,A202,2
24,4042,168.41666666666666,43,3,4,2,1,5,2,7,2,A34,A93,A101,A122,A143,A152,A173,A192,A201,1
15,1471,98.06666666666666,35,4,4,2,1,3,1,4,2,A34,A93,A101,A124,A143,A153,A173,A192,A201,1
18,1442,80.11111111111111,32,4,4,2,2,0,2,2,0,A31,A93,A101,A124,A143,A153,A172,A191,A201,2
36,10875,302.0833333333333,45,2,2,2,2,3,2,5,0,A33,A93,A101,A123,A143,A152,A173,A192,A201,1
24,1474,61.416666666666664,33,4,3,1,1,4,0,4,0,A32,A94,A101,A121,A143,A152,A173,A192,A201,1
10,894,89.4,40,4,3,1,1,5,2,7,3,A32,A92,A101,A122,A143,A152,A173,A192,A201,1
15,3343,222.86666666666667,28,4,2,1,1,3,1,4,1,A34,A93,A101,A124,A143,A153,A173,A192,A201,1
15,3959,263.93333333333334,29,3,2,1,1,0,1,1,0,A32,A92,A101,A122,A143,A152,A173,A192,A201,2
9,3577,397.44444444444446,26,1,2,1,2,4,1,5,0,A32,A93,A103,A121,A143,A151,A173,A191,A202,1
24,5804,241.83333333333334,27,4,2,2,1,6,1,7,2,A34,A93,A101,A121,A143,A152,A173,A191,A201,1
18,2169,120.5,28,4,2,1,1,3,1,4,1,A33,A94,A101,A123,A143,A152,A173,A192,A201,2
24,2439,101.625,35,4,4,1,1,0,0,0,2,A32,A92,A101,A121,A143,A152,A173,A192,A201,2
27,4526,167.62962962962962,32,4,2,2,2,6,0,6,1,A34,A93,A101,A121,A142,A152,A172,A192,A201,1
10,2210,221.0,25,2,2,1,1,3,1,4,1,A32,A93,A101,A121,A141,A151,A172,A191,A201,2
15,2221,148.06666666666666,20,2,4,1,1,5,1,6,1,A32,A92,A101,A123,A143,A151,A173,A191,A201,1
18,2389,132.72222222222223,27,4,1,1,1,0,0,0,2,A32,A92,A101,A123,A142,A152,A173,A191,A201,1
12,3331,277.5833333333333,42,2,4,1,1,3,2,5,1,A34,A93,A101,A122,A142,A152,A173,A191,A201,1
36,7409,205.80555555555554,37,3,2,2,1,5,2,7,1,A32,A93,A101,A122,A143,A152,A173,A191,A201,1
12,652,54.333333333333336,24,4,4,1,1,0,2,2,1,A32,A92,A101,A122,A143,A151,A173,A191,A201,1
36,7678,213.27777777777777,40,2,4,2,1,5,2,7,1,A33,A92,A101,A123,A143,A152,A173,A192,A201,1
6,1343,223.83333333333334,46,1,4,2,2,2,2,4,0,A34,A93,A101,A121,A143,A152,A173,A191,A202,1
24,1382,57.583333333333336,26,4,1,2,1,1,2,3,1,A34,A93,A101,A121,A143,A152,A173,A192,A201,1
15,874,58.266666666666666,24,4,1,1,1,5,0,5,1,A32,A92,A101,A121,A143,A152,A173,A191,A201,1
12,3590,299.1666666666667,29,2,2,1,2,0,1,1,1,A32,A93,A102,A122,A143,A152,A172,A191,A201,1
11,1322,120.18181818181819,40,4,4,2,1,4,1,5,0,A34,A92,A101,A123,A143,A152,A173,A191,A201,1
18,1940,107.77777777777777,36,3,4,1,1,0,0,0,2,A31,A93,A102,A124,A141,A153,A174,A192,A201,1
36,3595,99.86111111111111,28,4,2,1,1,3,2,5,2,A32,A93,A101,A123,A143,A152,A173,A191,A201,1
9,1422,158.0,27,3,2,1,1,0,0,0,0,A32,A93,A101,A124,A143,A153,A174,A192,A201,2
30,6742,224.73333333333332,36,2,3,2,1,5,2,7,2,A34,A93,A101,A122,A143,A152,A173,A191,A201,1
24,7814,325.5833333333333,38,3,3,1,1,3,2,5,2,A32,A93,A101,A123,A143,A152,A174,A192,A201,1
24,9277,386.5416666666667,48,2,4,1,1,5,1,6,2,A32,A91,A101,A124,A143,A153,A173,A192,A201,1
30,2181,72.7,36,4,4,2,1,3,2,5,0,A34,A93,A101,A121,A143,A152,A173,A191,A201,1
18,1098,61.0,65,4,4,2,1,3,0,3,2,A34,A92,A101,A123,A143,A152,A171,A191,A201,1
24,4057,169.04166666666666,43,3,3,1,1,1,2,3,1,A32,A91,A101,A123,A143,A152,A173,A192,A201,2
12,795,66.25,53,4,4,1,1,0,0,0,0,A32,A92,A101,A122,A143,A152,A173,A191,A201,2
24,2825,117.70833333333333,34,4,3,2,2,3,2,5,1,A34,A93,A101,A124,A143,A152,A173,A192,A201,1
48,15672,326.5,23,2,2,1,1,1,1,2,1,A32,A93,A101,A123,A143,A152,A173,A192,A201,2
36,6614,183.72222222222223,34,4,4,2,1,3,2,5,0,A34,A93,A101,A123,A143,A152,A174,A192,A201,1
28,7824,279.42857142857144,40,3,4,2,2,5,0,5,2,A31,A93,A103,A121,A141,A151,A173,A192,A201,1
27,2442,90.44444444444444,43,4,4,4,2,0,2,2,1,A34,A93,A101,A123,A142,A152,A174,A192,A201,1
15,1829,121.93333333333334,46,4,4,2,1,3,2,5,2,A34,A93,A101,A123,A143,A152,A173,A192,A201,1
12,2171,180.91666666666666,38,4,4,2,1,0,1,1,0,A34,A93,A101,A122,A141,A152,A172,A191,A202,1
36,5800,161.11111111111111,34,3,4,2,1,1,1,2,2,A34,A93,A101,A123,A143,A152,A173,A192,A201,1
18,1169,64.94444444444444,29,4,3,2,1,5,1,6,2,A34,A93,A101,A122,A143,A152,A173,A192,A201,1
36,8947,248.52777777777777,31,3,2,1,2,5,2,7,2,A33,A93,A101,A123,A142,A152,A174,A192,A201,1
21,2606,124.0952380952381,28,4,4,1,1,0,0,0,2,A32,A92,A101,A122,A143,A151,A174,A192,A201,1
12,1592,132.66666666666666,35,3,2,1,1,6,2,8,1,A34,A92,A101,A122,A143,A152,A173,A191,A202,1
15,2186,145.73333333333332,33,1,4,1,1,5,2,7,1,A32,A92,A101,A121,A141,A151,A172,A191,A201,1
18,4153,230.72222222222223,42,2,3,1,1,0,1,1,1,A32,A93,A102,A123,A143,A152,A173,A191,A201,2
16,2625,164.0625,43,2,4,1,1,0,2,2,0,A34,A93,A103,A122,A141,A151,A173,A192,A201,2
20,3485,174.25,44,2,4,2,1,5,0,5,0,A34,A91,A101,A121,A143,A152,A173,A192,A201,1
36,10477,291.02777777777777,42,2,4,2,1,5,2,7,2,A34,A93,A101,A124,A143,A153,A173,A191,A201,1
15,1386,92.4,40,4,2,1,1,5,1,6,2,A32,A94,A101,A121,A143,A151,A173,A192,A201,1
24,1278,53.25,36,4,1,1,1,3,2,5,2,A32,A93,A101,A121,A143,A152,A174,A192,A201,1
12,1107,92.25,20,2,2,1,2,0,1,1,2,A32,A93,A101,A121,A143,A151,A174,A192,A201,1
21,3763,179.1904761904762,24,2,2,1,1,2,2,4,0,A32,A93,A102,A121,A143,A152,A172,A191,A202,1
36,3711,103.08333333333333,27,2,2,1,1,3,1,4,0,A32,A94,A101,A123,A143,A152,A173,A191,A201,1
15,3594,239.6,46,1,2,2,1,3,0,3,2,A33,A92,A101,A122,A143,A152,A172,A191,A201,1
9,3195,355.0,33,1,2,1,1,3,1,4,0,A32,A92,A101,A121,A143,A152,A172,A191,A201,1
36,4454,123.72222222222223,34,4,4,2,1,3,1,4,2,A33,A92,A101,A121,A143,A152,A173,A191,A201,1
24,4736,197.33333333333334,25,2,4,1,1,1,0,1,1,A34,A92,A101,A123,A141,A152,A172,A191,A201,2
30,2991,99.7,25,2,4,1,1,3,2,5,2,A32,A92,A101,A123,A143,A152,A173,A191,A201,1
11,2142,194.72727272727272,28,1,2,1,1,6,2,8,1,A32,A91,A101,A121,A143,A152,A173,A192,A201,1
24,3161,131.70833333333334,31,4,2,1,1,0,1,1,1,A31,A93,A101,A122,A143,A151,A173,A192,A201,2
48,18424,383.8333333333333,32,1,2,1,1,1,1,2,0,A30,A92,A101,A122,A141,A152,A174,A192,A202,2
10,2848,284.8,32,1,2,1,2,4,1,5,2,A32,A93,A102,A121,A143,A152,A173,A191,A201,1
6,14896,2482.6666666666665,68,1,4,1,1,0,2,2,0,A32,A93,A101,A124,A141,A152,A174,A192,A201,2
24,2359,98.29166666666667,33,1,1,1,1,1,0,1,1,A32,A91,A101,A122,A143,A152,A173,A191,A201,2
24,3345,139.375,39,4,2,1,1,0,2,2,1,A32,A93,A101,A122,A143,A151,A174,A192,A201,2
18,1817,100.94444444444444,28,4,2,2,1,3,1,4,1,A34,A92,A101,A124,A143,A152,A173,A191,A201,1
48,12749,265.6041666666667,37,4,1,1,1,5,2,7,2,A33,A93,A101,A123,A143,A152,A174,A192,A201,1
9,1366,151.77777777777777,22,3,4,1,1,0,0,0,2,A32,A92,A101,A122,A143,A151,A173,A191,A201,2
12,2002,166.83333333333334,30,3,4,1,2,1,2,3,0,A32,A93,A101,A122,A143,A151,A173,A192,A201,1
24,6872,286.3333333333333,55,2,1,1,1,0,0,0,1,A31,A91,A101,A122,A141,A152,A173,A192,A201,2
12,697,58.083333333333336,46,4,2,2,1,0,0,0,0,A31,A93,A101,A123,A141,A152,A173,A192,A201,2
18,1049,58.27777777777778,21,4,4,1,1,0,0,0,1,A34,A92,A101,A122,A143,A151,A173,A191,A201,1
48,10297,214.52083333333334,39,4,4,3,2,0,2,2,2,A32,A93,A101,A124,A142,A153,A173,A192,A201,2
30,1867,62.233333333333334,58,4,4,1,1,5,2,7,2,A32,A93,A101,A123,A143,A152,A173,A192,A201,1
12,1344,112.0,43,4,2,2,2,0,1,1,0,A33,A93,A101,A121,A143,A152,A172,A191,A201,1
24,1747,72.79166666666667,24,4,1,1,1,0,0,0,1,A32,A93,A102,A122,A143,A152,A172,A191,A202,1
9,1670,185.55555555555554,22,4,2,1,1,1,0,1,2,A32,A92,A101,A123,A143,A152,A173,A192,A201,2
9,1224,136.0,30,3,1,2,1,3,1,4,0,A34,A93,A101,A121,A143,A152,A173,A191,A201,1
12,522,43.5,42,4,4,2,2,5,2,7,2,A34,A93,A101,A122,A143,A152,A173,A192,A201,1
12,1498,124.83333333333333,23,4,1,1,1,0,1,1,2,A32,A92,A101,A123,A141,A152,A173,A191,A201,1
30,1919,63.96666666666667,30,4,3,2,1,2,0,2,2,A33,A93,A101,A124,A142,A152,A174,A191,A201,2
9,745,82.77777777777777,28,3,2,1,1,2,1,3,2,A32,A92,A101,A121,A143,A152,A172,A191,A201,2
6,2063,343.8333333333333,30,4,3,1,1,1,0,1,2,A32,A94,A101,A123,A143,A151,A174,A192,A201,1
60,6288,104.8,42,4,4,1,1,1,1,2,0,A32,A93,A101,A124,A143,A153,A173,A191,A201,2
24,6842,285.0833333333333,46,2,4,2,2,5,1,6,2,A34,A93,A101,A122,A143,A152,A174,A192,A201,1
12,3527,293.9166666666667,45,2,3,1,2,5,0,5,0,A32,A93,A101,A122,A143,A152,A174,A192,A201,1
10,1546,154.6,31,3,2,1,2,3,1,4,0,A32,A93,A101,A121,A143,A152,A172,A191,A202,1
24,929,38.708333333333336,31,4,2,1,1,5,2,7,1,A32,A93,A101,A123,A142,A152,A173,A192,A201,1
4,1455,363.75,42,2,1,3,2,3,2,5,0,A34,A93,A101,A121,A143,A152,A172,A191,A201,1
15,1845,123.0,46,4,1,1,1,0,0,0,1,A32,A92,A103,A122,A143,A151,A173,A191,A201,1
48,8358,174.125,30,1,1,2,1,3,0,3,0,A30,A92,A101,A123,A143,A152,A173,A191,A201,1
24,3349,139.54166666666666,30,4,4,1,2,2,0,2,1,A31,A93,A101,A124,A143,A153,A173,A192,A201,2
12,2859,238.25,38,4,4,1,1,5,0,5,0,A32,A93,A101,A124,A143,A152,A174,A192,A201,1
18,1533,85.16666666666667,43,4,1,1,2,3,0,3,1,A32,A94,A102,A122,A143,A152,A172,A191,A201,2
24,3621,150.875,31,2,4,2,1,4,2,6,2,A32,A93,A101,A123,A143,A152,A173,A191,A201,2
18,3590,199.44444444444446,40,3,3,3,2,1,0,1,1,A34,A94,A101,A123,A143,A152,A171,A192,A201,1
36,2145,59.583333333333336,24,2,1,2,1,0,2,2,1,A33,A93,A101,A123,A143,A152,A173,A192,A201,2
24,4113,171.375,28,3,4,1,1,3,0,3,2,A32,A92,A101,A123,A143,A151,A173,A191,A201,2
36,10974,304.8333333333333,26,4,2,2,1,3,0,3,1,A32,A92,A101,A123,A143,A152,A174,A192,A201,2
12,1893,157.75,29,4,4,1,1,0,1,1,0,A32,A92,A103,A122,A143,A152,A173,A192,A201,1
24,1231,51.291666666666664,57,4,4,2,1,3,2,5,2,A34,A92,A101,A122,A143,A151,A174,A192,A201,1
30,3656,121.86666666666666,49,4,4,2,1,4,2,6,2,A34,A93,A101,A122,A142,A152,A172,A191,A201,1
9,1154,128.22222222222223,37,2,4,3,1,1,2,3,2,A34,A93,A101,A121,A143,A152,A172,A191,A201,1
28,4006,143.07142857142858,45,3,2,1,1,0,1,1,0,A32,A93,A101,A123,A143,A152,A172,A191,A201,2
24,3069,127.875,30,4,4,1,1,2,2,4,1,A32,A93,A101,A124,A143,A153,A173,A191,A201,1
6,1740,290.0,30,2,2,2,1,3,2,5,2,A34,A94,A101,A121,A143,A151,A173,A191,A201,1
21,2353,112.04761904761905,47,1,4,2,1,1,1,2,0,A33,A91,A101,A122,A143,A152,A173,A191,A201,1
15,3556,237.06666666666666,29,3,2,1,1,5,1,6,0,A32,A93,A101,A124,A143,A152,A173,A191,A201,1
24,2397,99.875,35,3,2,2,1,5,2,7,2,A32,A93,A101,A123,A141,A152,A173,A192,A201,2
6,454,75.66666666666667,22,3,1,1,1,1,0,1,1,A32,A94,A101,A122,A143,A152,A172,A191,A201,1
30,1715,57.166666666666664,26,4,1,1,1,3,1,4,2,A32,A92,A101,A123,A143,A152,A173,A191,A201,1
27,2520,93.33333333333333,23,4,2,2,1,3,1,4,2,A34,A93,A101,A122,A143,A152,A172,A191,A201,2
15,3568,237.86666666666667,54,4,2,1,1,3,2,5,2,A32,A92,A101,A123,A141,A151,A174,A192,A201,1
42,7166,170.61904761904762,29,2,4,1,1,5,2,7,2,A32,A94,A101,A122,A143,A151,A173,A192,A201,1
11,3939,358.09090909090907,40,1,2,2,2,0,1,1,0,A34,A93,A101,A121,A143,A152,A172,A191,A201,1
15,1514,100.93333333333334,22,4,2,1,1,2,1,3,1,A32,A93,A103,A121,A143,A152,A173,A191,A201,1
24,7393,308.0416666666667,43,1,4,1,2,3,1,4,0,A32,A93,A101,A122,A143,A152,A172,A191,A201,1
24,1193,49.708333333333336,29,1,4,2,1,0,0,0,0,A31,A92,A102,A124,A143,A151,A171,A191,A201,2
60,7297,121.61666666666666,36,4,4,1,1,0,2,2,1,A32,A93,A102,A124,A143,A151,A173,A191,A201,2
30,2831,94.36666666666666,33,4,2,1,1,3,1,4,2,A34,A92,A101,A123,A143,A152,A173,A192,A201,1
24,1258,52.416666666666664,57,3,3,1,1,4,1,5,2,A32,A92,A101,A123,A143,A152,A172,A191,A201,1
6,753,125.5,64,2,3,1,1,1,1,2,2,A32,A92,A103,A121,A143,A152,A173,A191,A201,1
18,2427,134.83333333333334,42,4,2,2,1,3,2,5,1,A33,A93,A101,A122,A143,A152,A173,A191,A201,1
24,2538,105.75,47,4,4,2,2,3,2,5,0,A33,A93,A101,A123,A143,A152,A172,A191,A201,2
15,1264,84.26666666666667,25,2,2,1,1,2,1,3,0,A31,A94,A101,A122,A143,A151,A173,A191,A201,2
30,8386,279.53333333333336,49,2,2,1,1,1,2,3,1,A34,A93,A101,A122,A143,A152,A173,A191,A201,2
48,4844,100.91666666666667,33,3,2,1,1,3,0,3,1,A32,A93,A101,A123,A141,A151,A174,A192,A201,2
21,2923,139.1904761904762,28,1,1,1,1,3,1,4,0,A32,A92,A101,A123,A141,A152,A174,A192,A201,1
36,8229,228.58333333333334,26,2,2,1,2,0,1,1,2,A32,A93,A101,A122,A143,A152,A173,A191,A201,2
24,2028,84.5,30,2,2,2,1,3,2,5,1,A34,A93,A101,A122,A143,A152,A172,A191,A201,1
15,1433,95.53333333333333,25,4,3,2,1,0,1,1,1,A34,A92,A101,A122,A143,A151,A173,A191,A201,1
42,6289,149.73809523809524,33,2,1,2,1,2,0,2,1,A30,A91,A101,A122,A143,A152,A173,A191,A201,1
13,1409,108.38461538461539,64,2,4,1,1,4,0,4,2,A32,A92,A101,A121,A143,A152,A173,A191,A201,1
24,6579,274.125,29,4,2,1,1,0,0,0,2,A32,A93,A101,A124,A143,A153,A174,A192,A201,1
24,1743,72.625,48,4,2,2,1,1,2,3,2,A34,A93,A101,A122,A143,A152,A172,A191,A201,1
12,3565,297.0833333333333,37,2,1,2,2,5,0,5,0,A34,A93,A101,A122,A143,A152,A172,A191,A201,1
15,1569,104.6,34,4,4,1,2,4,2,6,2,A31,A93,A101,A123,A141,A152,A172,A191,A201,1
18,1936,107.55555555555556,23,2,4,2,1,2,2,4,2,A32,A94,A101,A123,A143,A151,A172,A191,A201,1
36,3959,109.97222222222223,30,4,3,1,1,0,0,0,1,A32,A93,A101,A122,A143,A152,A174,A192,A201,1
12,2390,199.16666666666666,50,4,3,1,1,5,2,7,0,A32,A93,A101,A123,A143,A152,A173,A192,A201,1
12,1736,144.66666666666666,31,3,4,1,1,3,2,5,1,A32,A92,A101,A121,A143,A152,A172,A191,A201,1
30,3857,128.56666666666666,40,4,4,1,1,0,1,1,2,A32,A91,A101,A122,A143,A152,A174,A192,A201,1
12,804,67.0,38,4,4,1,1,3,2,5,2,A32,A93,A101,A123,A143,A152,A173,A191,A201,1
45,1845,41.0,23,4,4,1,1,0,1,1,2,A32,A93,A101,A124,A143,A153,A173,A192,A201,2
45,4576,101.68888888888888,27,3,4,1,1,2,0,2,2,A34,A93,A101,A123,A143,A152,A173,A191,A201,1
